{
    "type": "minecraft:command",
    "pools": [
        {
            "rolls": 1,
            "entries": [
                {
                  "type": "minecraft:item",
                  "name": "minecraft:crossbow",
                  "functions": [
                    {
                      "function": "minecraft:set_name",
                      "name":{"text":"暴雨疾射之弩[绝望深渊]","italic":false,"color": "green"}
                    },
                    {
                      "function": "minecraft:set_nbt",
                      "tag": "{hyjg_custom_combat_system:{drop_equip_init:1b}}"
                    },
                    {
                      "function": "minecraft:set_nbt",
                      "tag": "{hyjg_custom_combat_system:{equip_effect:{skill_param_change:{time_increases:[{id:\"1003\",type:\"combat.crossbow\",index:\"3\",value:65,value_for_describe:\"0.65\",value_for_tick:13}]}}}}"
                    },
                    {
                      "function": "minecraft:set_nbt",
                      "tag": "{hyjg_custom_combat_system:{lore:['{\"text\":\"于混沌的深渊之中诞生的恐怖连弩，可以长时间射出大量箭矢。\",\"color\": \"green\"}']}}"
                    },
                    {
                      "function": "minecraft:set_enchantments",
                      "enchantments": {"minecraft:multishot":1,"minecraft:unbreaking":2,"minecraft:quick_charge":3}
                    }
                  ],
                  "weight": 5
                },
                {
                  "type": "minecraft:item",
                  "name": "minecraft:crossbow",
                  "functions": [
                    {
                      "function": "minecraft:set_name",
                      "name":{"text":"蓄能弩[绝望深渊]","italic":false,"color": "green"}
                    },
                    {
                      "function": "minecraft:set_nbt",
                      "tag": "{hyjg_custom_combat_system:{drop_equip_init:1b}}"
                    },
                    {
                      "function": "minecraft:set_nbt",
                      "tag": "{hyjg_custom_combat_system:{lore:['{\"text\":\"被侵染的连弩手投影的备用弩，可以射出强大的充能波。\",\"color\": \"green\"}']}}"
                    },
                    {
                      "function": "minecraft:set_nbt",
                      "tag": "{hyjg_custom_combat_system:{equip_effect:{skill_param_change:{damage_append:[{id:\"1001\",type:\"combat.crossbow\",index:\"1\",value:5}]}}}}"
                    },
                    {
                      "function": "minecraft:set_enchantments",
                      "enchantments": {"minecraft:quick_charge":1,"minecraft:unbreaking":3}
                    }
                  ],
                  "weight": 2
                },
                {
                  "type": "minecraft:item",
                  "name": "minecraft:crossbow",
                  "functions": [
                    {
                      "function": "minecraft:set_name",
                      "name":{"text":"破坏之弩[绝望深渊]","italic":false,"color": "green"}
                    },
                    {
                      "function": "minecraft:set_nbt",
                      "tag": "{hyjg_custom_combat_system:{drop_equip_init:1b}}"
                    },
                    {
                      "function": "minecraft:set_nbt",
                      "tag": "{hyjg_custom_combat_system:{lore:['{\"text\":\"强弩内部似乎蕴含强大的能量，普通箭矢的伤害提升。\",\"color\": \"green\"}']}}"
                    },
                    {
                      "function": "minecraft:set_nbt",
                      "tag": "{hyjg_custom_combat_system:{equip_effect:{arrow_damage_append:17}}}"
                    },
                    {
                      "function": "minecraft:set_enchantments",
                      "enchantments": {"minecraft:quick_charge":1,"minecraft:unbreaking":1}
                    }
                  ],
                  "weight": 2
                },
                {
                  "type": "empty",
                  "weight": 70
                }
            ]
        }
    ]
}
