{
    "type": "minecraft:command",
    "pools": [
        {
          "rolls": 1,
          "entries": [
              {
                "type": "minecraft:item",
                "name": "minecraft:diamond_sword",
                "functions": [
                  {
                    "function": "minecraft:set_name",
                    "name":{"text":"斩空剑[混沌之世]","italic":false,"color": "green"}
                  },
                  {
                    "function": "minecraft:set_name",
                    "conditions":[
                      {
                        "condition": "entity_scores",
                        "entity": "this",
                        "scores": {"hyjg_chaotic_world_mob_strengthen.difficult_type":3}
                      }
                    ],
                    "name":{"text":"斩空剑[绝望深渊]","italic":false,"color": "green"}
                  },
                  {
                    "function": "minecraft:set_nbt",
                    "tag": "{hyjg_custom_combat_system:{drop_equip_init:1b}}"
                  },
                  {
                    "function": "minecraft:set_nbt",
                    "tag": "{hyjg_custom_combat_system:{equip_effect:{skill_param_change:{damage_append:[{id:\"701\",type:\"combat.sword\",index:\"1\",value:1}]}}}}"
                  },
                  {
                    "function": "minecraft:set_nbt",
                    "conditions": [
                      {
                        "condition": "random_chance",
                        "chance": 0.5
                      }  
                    ],
                    "tag": "{hyjg_custom_combat_system:{equip_effect:{skill_param_change:{damage_append:[{id:\"701\",type:\"combat.sword\",index:\"1\",value:2}]}}}}"
                  },
                  {
                    "function": "minecraft:set_nbt",
                    "conditions": [
                      {
                        "condition": "random_chance",
                        "chance": 0.4
                      }  
                    ],
                    "tag": "{hyjg_custom_combat_system:{equip_effect:{skill_param_change:{damage_append:[{id:\"701\",type:\"combat.sword\",index:\"1\",value:3}]}}}}"
                  },
                  {
                    "function": "minecraft:set_nbt",
                    "conditions": [
                      {
                        "condition": "random_chance",
                        "chance": 0.3
                      }  
                    ],
                    "tag": "{hyjg_custom_combat_system:{equip_effect:{skill_param_change:{damage_append:[{id:\"701\",type:\"combat.sword\",index:\"1\",value:4}]}}}}"
                  },
                  {
                    "function": "minecraft:set_nbt",
                    "conditions": [
                      {
                        "condition": "random_chance",
                        "chance": 0.2
                      }  
                    ],
                    "tag": "{hyjg_custom_combat_system:{equip_effect:{skill_param_change:{damage_append:[{id:\"701\",type:\"combat.sword\",index:\"1\",value:5}]}}}}"
                  },
                  {
                    "function": "minecraft:set_nbt",
                    "conditions": [
                      {
                        "condition": "random_chance",
                        "chance": 0.1
                      }  
                    ],
                    "tag": "{hyjg_custom_combat_system:{equip_effect:{skill_param_change:{damage_append:[{id:\"701\",type:\"combat.sword\",index:\"1\",value:6}]}}}}"
                  },
                  {
                    "function": "minecraft:set_nbt",
                    "tag": "{hyjg_custom_combat_system:{lore:['{\"text\":\"剑环绕着奇特的力量，可以强化浮空斩。\",\"color\": \"yellow\",\"italic\":false}']}}"
                  }
                ],
                "weight": 15
              },
              {
                "type": "minecraft:item",
                "name": "minecraft:diamond_sword",
                "functions": [
                  {
                    "function": "minecraft:set_name",
                    "name":{"text":"斩空剑[混沌之世]","italic":false,"color": "green"}
                  },
                  {
                    "function": "minecraft:set_name",
                    "conditions":[
                      {
                        "condition": "entity_scores",
                        "entity": "this",
                        "scores": {"hyjg_chaotic_world_mob_strengthen.difficult_type":3}
                      }
                    ],
                    "name":{"text":"斩空剑[绝望深渊]","italic":false,"color": "green"}
                  },
                  {
                    "function": "minecraft:set_nbt",
                    "tag": "{hyjg_custom_combat_system:{drop_equip_init:1b}}"
                  },
                  {
                    "function": "minecraft:set_nbt",
                    "tag": "{hyjg_custom_combat_system:{equip_effect:{skill_param_change_offhand:{damage_append:[{id:\"701\",type:\"combat.sword\",index:\"1\",value:1}]}}}}"
                  },
                  {
                    "function": "minecraft:set_nbt",
                    "conditions": [
                      {
                        "condition": "random_chance",
                        "chance": 0.5
                      }  
                    ],
                    "tag": "{hyjg_custom_combat_system:{equip_effect:{skill_param_change_offhand:{damage_append:[{id:\"701\",type:\"combat.sword\",index:\"1\",value:2}]}}}}"
                  },
                  {
                    "function": "minecraft:set_nbt",
                    "conditions": [
                      {
                        "condition": "random_chance",
                        "chance": 0.4
                      }  
                    ],
                    "tag": "{hyjg_custom_combat_system:{equip_effect:{skill_param_change_offhand:{damage_append:[{id:\"701\",type:\"combat.sword\",index:\"1\",value:3}]}}}}"
                  },
                  {
                    "function": "minecraft:set_nbt",
                    "conditions": [
                      {
                        "condition": "random_chance",
                        "chance": 0.3
                      }  
                    ],
                    "tag": "{hyjg_custom_combat_system:{equip_effect:{skill_param_change_offhand:{damage_append:[{id:\"701\",type:\"combat.sword\",index:\"1\",value:4}]}}}}"
                  },
                  {
                    "function": "minecraft:set_nbt",
                    "conditions": [
                      {
                        "condition": "random_chance",
                        "chance": 0.2
                      }  
                    ],
                    "tag": "{hyjg_custom_combat_system:{equip_effect:{skill_param_change_offhand:{damage_append:[{id:\"701\",type:\"combat.sword\",index:\"1\",value:5}]}}}}"
                  },
                  {
                    "function": "minecraft:set_nbt",
                    "conditions": [
                      {
                        "condition": "random_chance",
                        "chance": 0.1
                      }  
                    ],
                    "tag": "{hyjg_custom_combat_system:{equip_effect:{skill_param_change_offhand:{damage_append:[{id:\"701\",type:\"combat.sword\",index:\"1\",value:6}]}}}}"
                  },
                  {
                    "function": "minecraft:set_nbt",
                    "tag": "{hyjg_custom_combat_system:{lore:['{\"text\":\"剑有着奇特的力量，可以强化浮空斩。\",\"color\": \"yellow\",\"italic\":false}']}}"
                  }
                ],
                "weight": 15
              },
              {
                "type": "empty",
                "weight": 70
              }
          ]
      }
    ]
  }
  