{
    "parent": "hyjg_custom_combat_system:displayed_achievements/magic_item/transmit_core/transmit_core",
    "display": {
        "icon": {
            "item": "minecraft:firework_star",
            "nbt": "{Enchantments:[{id:\"hyjg_custom_combat_system:custom\",lvl:1s}],Explosion:{Type:0b,Colors:[I;1973019]}}"
        },
        "title": "传送点充能",
        "show_toast": true,
        "announce_to_chat": true,
        "description": {"text":"魔力已注入，这里的传送点应该可以开始使用了。","color":"green"},
        "frame": "goal"
    },
    "criteria": {
      "example": {
        "trigger": "minecraft:impossible"
      }
    },
    "rewards": {
      "experience": 10
    }
  }

