{
    "parent": "hyjg_custom_combat_system:displayed_achievements/magic_item/root",
    "display": {
        "icon": {
            "item": "minecraft:firework_star",
            "nbt": "{Enchantments:[{id:\"hyjg_custom_combat_system:custom\",lvl:1s}],Explosion:{Type:0b,Colors:[I;1973019]}}"
        },
        "title": "传送核心",
        "show_toast": true,
        "announce_to_chat": true,
        "description": {"text":"用这个东西似乎可以构建传送通道？可是怎么使用呢？(主菜单 -> 其他介绍 -> 部分自定义物品介绍 -> 传送核心)","color":"green"},
        "frame": "goal"
    },
    "criteria": {
      "example": {
        "trigger": "minecraft:inventory_changed",
        "conditions": {
            "items": [
                {
                    "nbt": "{hyjg_custom_combat_system:{id:\"hyjg_custom_combat_system:transmit_core\"}}"
                }
            ]
        }
      }
    },
    "rewards": {
      "experience": 10
    }
  }

