{
    "parent": "hyjg_custom_combat_system:displayed_achievements/magic_item/transmit_core/transmit_core",
    "display": {
        "icon": {
            "item": "minecraft:popped_chorus_fruit",
            "nbt": "{Enchantments:[{id:\"hyjg_custom_combat_system:custom\",lvl:1s}]}"
        },
        "title": "世界上没有我到不了的地方",
        "show_toast": true,
        "announce_to_chat": true,
        "description": {"text":"使用传送点进行空间传送。","color":"green"},
        "frame": "goal"
    },
    "criteria": {
      "example": {
        "trigger": "minecraft:impossible"
      }
    },
    "rewards": {
      "experience": 10
    }
  }

