{
    "parent": "hyjg_custom_combat_system:displayed_achievements/root",
    "display": {
        "icon": {
            "item": "minecraft:warped_fungus_on_a_stick"
        },
        "title": "魔法，由我掌控",
        "show_toast": true,
        "announce_to_chat": true,
        "description": {"text":"获取你的第一根法杖","color":"green"},
        "frame": "goal"
    },
    "criteria": {
      "example": {
        "trigger": "minecraft:inventory_changed",
        "conditions": {
            "items": [
                {
                    "nbt": "{Tags:[\"hyjg_custom_combat_system.magic_item\"]}"
                }
            ]
        }
      }
    },
    "rewards": {
      "experience": 10
    }
  }