{
    "parent": "hyjg_custom_combat_system:displayed_achievements/magic/holy/gods_messager",
    "display": {
        "icon": {
            "item": "minecraft:light"
        },
        "title": "黑夜尽散，神光降临",
        "show_toast": true,
        "announce_to_chat": true,
        "description": {"text":"黎明已至，就让神光驱逐一切邪祟吧。使用技能：黎明已至","color":"green"},
        "frame": "goal"
    },
    "criteria": {
      "example": {
        "trigger": "minecraft:impossible"
      }
    },
    "rewards": {
      "experience": 15
    }
  }