{
    "parent": "hyjg_custom_combat_system:displayed_achievements/magic/holy/base",
    "display": {
        "icon": {
            "item": "minecraft:wooden_sword"
        },
        "title": "除你武器",
        "show_toast": true,
        "announce_to_chat": true,
        "description": {"text":"用天地之压技能将敌人手持的武器打掉到地上。","color":"green"},
        "frame": "goal"
    },
    "criteria": {
      "example": {
        "trigger": "minecraft:impossible"
      }
    },
    "rewards": {
      "experience": 15
    }
  }