{
    "parent": "hyjg_custom_combat_system:displayed_achievements/magic/holy/disarm",
    "display": {
        "icon": {
            "item": "minecraft:nether_star"
        },
        "title": "神明代行者",
        "show_toast": true,
        "announce_to_chat": true,
        "description": {"text":"使用技能：位阶压制。","color":"green"},
        "frame": "goal"
    },
    "criteria": {
      "example": {
        "trigger": "minecraft:impossible"
      }
    },
    "rewards": {
      "experience": 15
    }
  }