{
  "parent": "hyjg_custom_combat_system:displayed_achievements/combat/event/combat_with_enderman/armor_drop_because_enderman",
  "display": {
      "icon": {
          "item": "minecraft:ender_eye"
      },
      "title": "已老实，求放过",
      "show_toast": true,
      "announce_to_chat": true,
      "description": {"text":"身上装备全部被末影人打掉。","color":"green"},
      "frame": "challenge"
  },
  "criteria": {
    "example": {
      "trigger": "minecraft:impossible"
    }
  },
  "rewards": {
    "experience": 10
  }
}