{
  "parent": "hyjg_custom_combat_system:displayed_achievements/combat/event/combat_with_enderman/disarm",
  "display": {
      "icon": {
          "item": "minecraft:ender_eye"
      },
      "title": "你不要过来啊！",
      "show_toast": true,
      "announce_to_chat": true,
      "description": {"text":"身上装备被末影人打掉。","color":"green"},
      "frame": "goal"
  },
  "criteria": {
    "example": {
      "trigger": "minecraft:impossible"
    }
  },
  "rewards": {
    "experience": 10
  }
}