{
  "parent": "hyjg_custom_combat_system:displayed_achievements/combat/event/combat_with_enderman/rotation_change",
  "display": {
      "icon": {
          "item": "minecraft:ender_pearl"
      },
      "title": "诶呀！我的神剑！",
      "show_toast": true,
      "announce_to_chat": true,
      "description": {"text":"被末影人缴械。","color":"green"},
      "frame": "goal"
  },
  "criteria": {
    "example": {
      "trigger": "minecraft:impossible"
    }
  },
  "rewards": {
    "experience": 10
  }
}