{
  "parent": "hyjg_custom_combat_system:displayed_achievements/combat/root",
  "display": {
      "icon": {
          "item": "minecraft:ender_pearl"
      },
      "title": "晕头转向",
      "show_toast": true,
      "announce_to_chat": true,
      "description": {"text":"末影人让周围空间发生错乱，使得玩家晕头转向。","color":"green"},
      "frame": "goal"
  },
  "criteria": {
    "example": {
      "trigger": "minecraft:impossible"
    }
  },
  "rewards": {
    "experience": 10
  }
}