{
    "type": "minecraft:command",
    "pools": [
        {
          "rolls": 1,
          "entries": [
              {
                "type": "minecraft:item",
                "name": "minecraft:golden_axe",
                "functions": [
                  {
                    "function": "minecraft:set_name",
                    "name":{"text":"重击斧[混沌初显]","italic":false,"color": "green"}
                  },
                  {
                    "function": "minecraft:set_name",
                    "conditions":[
                      {
                        "condition": "entity_scores",
                        "entity": "this",
                        "scores": {
                          "hyjg_chaotic_world_mob_strengthen.difficult_type": 2
                        }
                      }
                    ],
                    "name":{"text":"重击斧[混沌之世]","italic":false,"color": "green"}
                  },
                  {
                    "function": "minecraft:set_name",
                    "conditions":[
                      {
                        "condition": "entity_scores",
                        "entity": "this",
                        "scores": {
                          "hyjg_chaotic_world_mob_strengthen.difficult_type": 3
                        }
                      }
                    ],
                    "name":{"text":"重击斧[绝望深渊]","italic":false,"color": "green"}
                  },
                  {
                    "function": "minecraft:set_nbt",
                    "tag": "{hyjg_custom_combat_system:{drop_equip_init:1b}}"
                  },
                  {
                    "function": "minecraft:set_nbt",
                    "tag": "{hyjg_custom_combat_system:{equip_effect:{skill_param_change:{damage_append:[{id:\"802\",type:\"combat.axe\",index:\"2\",value:1}],cd_reduce:[{id:\"802\",type:\"combat.axe\",index:\"2\",value:1,value_for_tick:20}]}}}}"
                  },
                  {
                    "function": "minecraft:set_nbt",
                    "conditions":[
                      {
                        "condition": "entity_scores",
                        "entity": "this",
                        "scores": {
                          "hyjg_chaotic_world_mob_strengthen.difficult_type": 2
                        }
                      }
                    ],
                    "tag": "{hyjg_custom_combat_system:{equip_effect:{skill_param_change:{damage_append:[{id:\"802\",type:\"combat.axe\",index:\"2\",value:2}]}}}}"
                  },
                  {
                    "function": "minecraft:set_nbt",
                    "conditions":[
                      {
                        "condition": "entity_scores",
                        "entity": "this",
                        "scores": {
                          "hyjg_chaotic_world_mob_strengthen.difficult_type": 2
                        }
                      },
                      {
                        "condition": "random_chance",
                        "chance": 0.5
                      }
                    ],
                    "tag": "{hyjg_custom_combat_system:{equip_effect:{skill_param_change:{damage_append:[{id:\"802\",type:\"combat.axe\",index:\"2\",value:3}]}}}}"
                  },
                  {
                    "function": "minecraft:set_nbt",
                    "conditions":[
                      {
                        "condition": "entity_scores",
                        "entity": "this",
                        "scores": {
                          "hyjg_chaotic_world_mob_strengthen.difficult_type": 2
                        }
                      },
                      {
                        "condition": "random_chance",
                        "chance": 0.3
                      }
                    ],
                    "tag": "{hyjg_custom_combat_system:{equip_effect:{skill_param_change:{damage_append:[{id:\"802\",type:\"combat.axe\",index:\"2\",value:4}]}}}}"
                  },
                  {
                    "function": "minecraft:set_nbt",
                    "conditions":[
                      {
                        "condition": "entity_scores",
                        "entity": "this",
                        "scores": {
                          "hyjg_chaotic_world_mob_strengthen.difficult_type": 2
                        }
                      },
                      {
                        "condition": "random_chance",
                        "chance": 0.1
                      }
                    ],
                    "tag": "{hyjg_custom_combat_system:{equip_effect:{skill_param_change:{damage_append:[{id:\"802\",type:\"combat.axe\",index:\"2\",value:5}]}}}}"
                  },
                  {
                    "function": "minecraft:set_nbt",
                    "conditions":[
                      {
                        "condition": "entity_scores",
                        "entity": "this",
                        "scores": {
                          "hyjg_chaotic_world_mob_strengthen.difficult_type": 3
                        }
                      }
                    ],
                    "tag": "{hyjg_custom_combat_system:{equip_effect:{skill_param_change:{damage_append:[{id:\"802\",type:\"combat.axe\",index:\"2\",value:3}]}}}}"
                  },
                  {
                    "function": "minecraft:set_nbt",
                    "conditions":[
                      {
                        "condition": "entity_scores",
                        "entity": "this",
                        "scores": {
                          "hyjg_chaotic_world_mob_strengthen.difficult_type": 3
                        }
                      },
                      {
                        "condition": "random_chance",
                        "chance": 0.5
                      }
                    ],
                    "tag": "{hyjg_custom_combat_system:{equip_effect:{skill_param_change:{damage_append:[{id:\"802\",type:\"combat.axe\",index:\"2\",value:4}]}}}}"
                  },
                  {
                    "function": "minecraft:set_nbt",
                    "conditions":[
                      {
                        "condition": "entity_scores",
                        "entity": "this",
                        "scores": {
                          "hyjg_chaotic_world_mob_strengthen.difficult_type": 3
                        }
                      },
                      {
                        "condition": "random_chance",
                        "chance": 0.4
                      }
                    ],
                    "tag": "{hyjg_custom_combat_system:{equip_effect:{skill_param_change:{damage_append:[{id:\"802\",type:\"combat.axe\",index:\"2\",value:5}]}}}}"
                  },
                  {
                    "function": "minecraft:set_nbt",
                    "conditions":[
                      {
                        "condition": "entity_scores",
                        "entity": "this",
                        "scores": {
                          "hyjg_chaotic_world_mob_strengthen.difficult_type": 3
                        }
                      },
                      {
                        "condition": "random_chance",
                        "chance": 0.3
                      }
                    ],
                    "tag": "{hyjg_custom_combat_system:{equip_effect:{skill_param_change:{damage_append:[{id:\"802\",type:\"combat.axe\",index:\"2\",value:6}]}}}}"
                  },
                  {
                    "function": "minecraft:set_nbt",
                    "conditions":[
                      {
                        "condition": "entity_scores",
                        "entity": "this",
                        "scores": {
                          "hyjg_chaotic_world_mob_strengthen.difficult_type": 3
                        }
                      },
                      {
                        "condition": "random_chance",
                        "chance": 0.2
                      }
                    ],
                    "tag": "{hyjg_custom_combat_system:{equip_effect:{skill_param_change:{damage_append:[{id:\"802\",type:\"combat.axe\",index:\"2\",value:7}]}}}}"
                  },
                  {
                    "function": "minecraft:set_nbt",
                    "tag": "{hyjg_custom_combat_system:{lore:['{\"text\":\"普通蛮兵标配，并没有什么特殊的能力。\",\"color\": \"yellow\",\"italic\":false}']}}"
                  }
                ],
                "weight": 40
              },
              {
                "type": "empty",
                "weight": 60
              }
          ]
      }
    ]
  }
  