{
    "parent": "hyjg_custom_combat_system:displayed_achievements/magic/destory/base",
    "display": {
        "icon": {
            "item": "minecraft:creeper_head"
        },
        "title": "紧急截停",
        "show_toast": true,
        "announce_to_chat": true,
        "description": {"text":"用毁灭系的黑洞吸附苦力怕，以此截断苦力怕的飞行冲击。","color":"green"},
        "frame": "task"
    },
    "criteria": {
      "example": {
        "trigger": "minecraft:impossible"
      }
    },
    "rewards": {
      "experience": 35
    }
  }
  