{
    "parent": "hyjg_custom_combat_system:displayed_achievements/magic/destory/base",
    "display": {
        "icon": {
            "item": "minecraft:reinforced_deepslate"
        },
        "title": "看看谁才是监守者",
        "show_toast": true,
        "announce_to_chat": true,
        "description": {"text":"用毁灭系魔法，震爆音波攻击监守者","color":"green"},
        "frame": "goal"
    },
    "criteria": {
      "example": {
        "trigger": "minecraft:impossible"
      }
    },
    "rewards": {
      "experience": 25
    }
  }