{
  "parent": "hyjg_custom_combat_system:skill/combat/combat_root",
  "criteria": {
    "example": {
      "trigger": "minecraft:player_hurt_entity",
      "conditions": {
        "damage": {
          "blocked": false,
          "source_entity": {
            "type": "player"
          },
          "type": {
              "tags":[
                  {
                      "expected": false,
                      "id":"hyjg_custom_combat_system:magic_damage"
                  }
              ]
          }
        }
      }
    }
  },
  "rewards": {
      "function": "hyjg_custom_combat_system:common/other/player_attack_not_magic"
  }
}