{
  "criteria": {
    "example": {
      "trigger": "minecraft:placed_block",
      "conditions": {
        "player": [
          
        ],
        "location": [
          {
            "condition": "minecraft:match_tool",
            "predicate": {
              "items": [
                "minecraft:wither_skeleton_skull"
              ]
            }
          }
        ]
      }
    }
  },
  "rewards": {
    "function": "hyjg_custom_combat_system:summon_boss/summon_boss_use_wither_skeleton_skull/start"
  }
}