{
    "parent": "hyjg_custom_combat_system:displayed_achievements/equip/root",
    "display": {
        "icon": {
            "item": "minecraft:blaze_rod",
            "nbt": "{Enchantments:[{id:\"minecraft:unbreaking\",lvl:3s}]}"
        },
        "title": "连发火球",
        "show_toast": true,
        "announce_to_chat": true,
        "description": {"text":"从烈焰人身上获取拥有连发火球能力的法杖。","color":"green"},
        "frame": "goal"
    },
    "criteria": {
      "example": {
        "trigger": "minecraft:inventory_changed",
        "conditions": {
            "items": [
                {
                    "nbt": "{hyjg_custom_combat_system:{for_advancements:{f1_constant_fire_ball:1b}}}"
                }
            ]
        }
      }
    },
    "rewards": {
      "experience": 10
    }
  }
  