{
    "parent": "hyjg_custom_combat_system:displayed_achievements/equip/root",
    "display": {
        "icon": {
            "item": "minecraft:golden_axe",
            "nbt": "{Enchantments:[{id:\"minecraft:unbreaking\",lvl:3s}]}"
        },
        "title": "烈焰喷泉",
        "show_toast": true,
        "announce_to_chat": true,
        "description": {"text":"解决猪灵蛮兵烈焰掌控者，抢夺它们的施法之斧。","color":"green"},
        "frame": "goal"
    },
    "criteria": {
      "example": {
        "trigger": "minecraft:inventory_changed",
        "conditions": {
            "items": [
                {
                    "nbt": "{hyjg_custom_combat_system:{equip_effect:{special:{skill_change:{f2_to_fire_fountain:1b}}}}}"
                }
            ]
        }
      }
    },
    "rewards": {
      "experience": 10
    }
  }
  