{
    "parent": "hyjg_custom_combat_system:displayed_achievements/equip/root",
    "display": {
        "icon": {
            "item": "minecraft:diamond",
            "nbt": "{Enchantments:[{id:\"minecraft:unbreaking\",lvl:3s}]}"
        },
        "title": "轰炸计划开启",
        "show_toast": true,
        "announce_to_chat": true,
        "description": {"text":"击败掠夺者的统治者，获取瞬发的投掷型tnt","color":"green"},
        "frame": "goal"
    },
    "criteria": {
      "example": {
        "trigger": "minecraft:inventory_changed",
        "conditions": {
            "items": [
                {
                    "nbt": "{hyjg_custom_combat_system:{item_type:\"quickly_explosion_tnt\"}}"
                }
            ]
        }
      }
    },
    "rewards": {
      "experience": 10
    }
  }
  