{
    "parent": "hyjg_custom_combat_system:displayed_achievements/equip/root",
    "display": {
        "icon": {
            "item": "minecraft:netherite_axe",
            "nbt": "{Enchantments:[{id:\"minecraft:unbreaking\",lvl:3s}]}"
        },
        "title": "音爆之斧",
        "show_toast": true,
        "announce_to_chat": true,
        "description": {"text":"击杀监守者后掉落的增伤波动斧。","color":"green"},
        "frame": "goal"
    },
    "criteria": {
      "example": {
        "trigger": "minecraft:inventory_changed",
        "conditions": {
            "items": [
                {
                    "nbt": "{hyjg_custom_combat_system:{for_advancements:{sonic_boom:1b}}}"
                }
            ]
        }
      }
    },
    "rewards": {
      "experience": 10
    }
  }
  