{
    "parent": "hyjg_custom_combat_system:displayed_achievements/equip/root",
    "display": {
        "icon": {
            "item": "minecraft:diamond",
            "nbt": "{Enchantments:[{id:\"minecraft:unbreaking\",lvl:3s}]}"
        },
        "title": "凋零宝石",
        "show_toast": true,
        "announce_to_chat": true,
        "description": {"text":"这颗可怕宝石散发的气息让人感觉毛骨悚然。","color":"green"},
        "frame": "goal"
    },
    "criteria": {
      "example": {
        "trigger": "minecraft:inventory_changed",
        "conditions": {
            "items": [
                {
                    "nbt": "{hyjg_custom_combat_system:{bag_special_item:{wither_effect:1b}}}"
                }
            ]
        }
      }
    },
    "rewards": {
      "experience": 10
    }
  }
  