{
    "parent": "hyjg_custom_combat_system:other/kill_mob_root",
    "criteria": {
      "example": {
        "trigger": "minecraft:player_killed_entity",
        "conditions": {
          "entity": [
            {
                "condition": "entity_properties",
                "entity": "this",
                "predicate": {
                    "type": "#hyjg_custom_combat_system:entity_boss"
                }
            },
            {
                "condition": "entity_properties",
                "entity": "this",
                "predicate": {
                    "nbt": "{Tags:[\"hyjg_custom_combat_system.entity_boss\"]}"
                }
            }
          ]
        }
      }
    }
  }