{
    "parent": "hyjg_custom_combat_system:other/kill_mob_root",
    "criteria": {
      "example_for_nbt": {
        "trigger": "minecraft:player_killed_entity",
        "conditions": {
          "entity": {
            "nbt": "{Tags:[\"hyjg_custom_combat_system.entity_boss\"]}"
          }
        }
      },
      "example_for_entity_type": {
        "trigger": "minecraft:player_killed_entity",
        "conditions": {
          "entity": {
            "type": "#hyjg_custom_combat_system:entity_boss"
          }
        }
      }
    },
    "requirements": [
        ["example_for_nbt","example_for_entity_type"]
    ]
  }