{
    "type": "minecraft:command",
    "pools": [
        {
            "rolls": 1,
            "entries": [
                {
                  "type": "minecraft:item",
                  "name": "minecraft:stone_axe",
                  "functions": [
                    {
                      "function": "minecraft:set_name",
                      "name":{"text":"收割者","italic":false,"color": "green"}
                    },
                    {
                      "function": "minecraft:set_nbt",
                      "tag": "{hyjg_custom_combat_system:{drop_equip_init:1b}}"
                    },
                    {
                      "function": "minecraft:set_nbt",
                      "tag": "{hyjg_custom_combat_system:{init:[\"reaper\"]}}"
                    },
                    {
                      "function": "minecraft:set_nbt",
                      "tag": "{hyjg_custom_combat_system:{lore:['{\"text\":\"看一眼就感觉灵魂要被吞噬了的的恐怖武器。\",\"color\": \"yellow\",\"italic\":false}','{\"text\":\"其强大的力量可以收割任何企图苟延残喘的生灵。\",\"color\": \"yellow\",\"italic\":false}']}}"
                    },
                    {
                      "function": "minecraft:set_enchantments",
                      "enchantments": {"minecraft:sharpness":4}
                    }
                  ],
                  "weight": 5
                },
                {
                  "type": "empty",
                  "weight": 90
                }
            ]
        },
        {
          "rolls": 1,
          "entries": [
              {
                "type": "minecraft:item",
                "name": "minecraft:iron_sword",
                "functions": [
                  {
                    "function": "minecraft:set_name",
                    "name":{"text":"偷袭之剑","italic":false,"color": "green"}
                  },
                  {
                    "function": "minecraft:set_nbt",
                    "tag": "{hyjg_custom_combat_system:{drop_equip_init:1b}}"
                  },
                  {
                    "function": "minecraft:set_nbt",
                    "tag": "{hyjg_custom_combat_system:{init:[\"sneak_attack\"]}}"
                  },
                  {
                    "function": "minecraft:set_nbt",
                    "tag": "{hyjg_custom_combat_system:{lore:['{\"text\":\"哇我真的是服了这个老六，天天捅人屁股！\",\"color\": \"yellow\",\"italic\":false}','{\"text\":\"其强大的力量可以收割任何企图苟延残喘的生灵。\",\"color\": \"yellow\",\"italic\":false}']}}"
                  },
                  {
                    "function": "minecraft:set_enchantments",
                    "enchantments": {"minecraft:sharpness":2}
                  }
                ],
                "weight": 3
              },
              {
                "type": "empty",
                "weight": 90
              }
          ]
      }
    ]
  }
  