{
    "parent": "hyjg_chaotic_world_mob_strengthen:player_hurt_entity/player_hurt_entity",
    "criteria": {
      "example": {
        "trigger": "minecraft:player_hurt_entity",
        "conditions": {
          "damage": {
            "blocked": false
          },
          "entity": {
            "type": "minecraft:enderman",
            "distance": {
              "absolute": {
                "min": 10
              }
            }
          }
        }
      }
    },
    "rewards": {"function": "hyjg_chaotic_world_mob_strengthen:event/player_hurt_entity/enderman_far/start"}
  }