{
    "parent": "hyjg_custom_combat_system:skill/combat/combat_root",
    "criteria": {
      "example": {
        "trigger": "minecraft:player_hurt_entity",
        "conditions": {
          "damage": {
            "blocked": false,
            "source_entity": {
              "type": "player"
            },
            "type": {
                "tags":[
                    {
                        "expected": false,
                        "id":"hyjg_custom_combat_system:magic_damage"
                    }
                ]
            }
          },
          "entity": {
            "distance": {
                "absolute": {
                    "min": 0.2,
                    "max": 5.5
                }
            }
          }
        }
      }
    },
    "rewards": {
        "function": "hyjg_custom_combat_system:skill/combat/common_function/select_weapon_type/close_combat/close_combat_select"
    }
  }