{
    "type": "minecraft:command",
    "pools": [
        {
            "rolls": 1,
            "entries": [
                {
                  "type": "minecraft:item",
                  "name": "minecraft:warped_fungus_on_a_stick",
                  "functions": [
                    {
                      "function": "minecraft:set_name",
                      "name":{"text":"死亡权杖","italic":false,"color": "yellow","bold": true}
                    },
                    {
                      "function": "minecraft:set_nbt",
                      "tag": "{hyjg_custom_combat_system:{drop_equip_init:1b},Unbreakable:1b,Tags:[\"hyjg_custom_combat_system.magic_item\",\"hyjg_custom_combat_system.magic.dead\"]}"
                    },
                    {
                    "function": "minecraft:set_nbt",
                    "tag": "{hyjg_custom_combat_system:{init:[\"magic_stick\",\"dead\"]}}"
                    },
                    {
                      "function": "minecraft:set_nbt",
                      "tag": "{hyjg_custom_combat_system:{lore:['{\"text\":\"凋零死亡后，将其力量精华汇聚而成的法杖，可以释放强大的亡灵系魔法。\",\"color\": \"yellow\",\"italic\":false}']}}"
                    }
                  ],
                  "weight": 5
                },
                {
                    "type": "minecraft:item",
                    "name": "minecraft:warped_fungus_on_a_stick",
                    "functions": [
                      {
                        "function": "minecraft:set_name",
                        "name":{"text":"破灭之法杖","italic":false,"color": "yellow","bold": true}
                      },
                      {
                        "function": "minecraft:set_nbt",
                        "tag": "{hyjg_custom_combat_system:{drop_equip_init:1b},Unbreakable:1b,Tags:[\"hyjg_custom_combat_system.magic_item\",\"hyjg_custom_combat_system.magic.destory\"]}"
                      },
                      {
                      "function": "minecraft:set_nbt",
                      "tag": "{hyjg_custom_combat_system:{init:[\"magic_stick\",\"destory\"]}}"
                      },
                      {
                        "function": "minecraft:set_nbt",
                        "tag": "{hyjg_custom_combat_system:{lore:['{\"text\":\"凋零死亡后，将其力量精华汇聚而成的法杖，可以释放强大的毁灭系系魔法。\",\"color\": \"yellow\",\"italic\":false}']}}"
                      }
                    ],
                    "weight": 5
                  },
                  {
                    "type": "minecraft:item",
                    "name": "minecraft:diamond",
                    "functions": [
                      {
                        "function": "minecraft:set_name",
                        "name":{"text":"凋零宝石","italic":false,"color": "yellow","bold": true}
                      },
                      {
                        "function": "minecraft:set_nbt",
                        "tag": "{hyjg_custom_combat_system:{drop_equip_init:1b}}"
                      },
                      {
                        "function": "minecraft:set_nbt",
                        "tag": "{hyjg_custom_combat_system:{equip_effect:{bag_special_item:{wither_effect:1b}}}}"
                      },
                      {
                        "function": "minecraft:set_nbt",
                        "tag": "{hyjg_custom_combat_system:{lore:['{\"text\":\"由凋零力量凝结而成的宝石，可以给技能击中的目标附加一定的凋零伤害。\",\"color\": \"yellow\",\"italic\":false}']}}"
                      },
                      {
                        "function": "minecraft:set_enchantments",
                        "enchantments": {"minecraft:unbreaking":1,"minecraft:mending":1}
                      }
                    ],
                    "weight": 5
                  }
            ]
        }
    ]
  }
  