{
    "parent": "hyjg_custom_combat_system:displayed_achievements/magic/bless/base",
    "display": {
        "icon": {
            "item": "minecraft:magma_cream",
            "nbt":"{Enchantments:[{id:\"minecraft:unbreaking\",lvl:3s}]}"
        },
        "title": "强化我的伙伴",
        "show_toast": true,
        "announce_to_chat": true,
        "description": {"text":"使用潜力觉醒技能，强化你的动物伙伴（例如狼、马、铁傀儡）","color":"green"},
        "frame": "goal"
    },
    "criteria": {
      "example": {
        "trigger": "minecraft:impossible"
      }
    },
    "rewards": {
      "experience": 10
    }
  }