{
    "parent": "hyjg_custom_combat_system:displayed_achievements/magic/bless/base",
    "display": {
        "icon": {
            "item": "minecraft:diamond_chestplate",
            "nbt":"{Enchantments:[{id:\"minecraft:unbreaking\",lvl:3s}]}"
        },
        "title": "装备注魔",
        "show_toast": true,
        "announce_to_chat": true,
        "description": {"text":"使用祝福系的注魔禁术对装备或者法杖进行强化（无论成功还是失败，成就都会完成）。","color":"green"},
        "frame": "goal"
    },
    "criteria": {
      "example": {
        "trigger": "minecraft:impossible"
      }
    },
    "rewards": {
      "experience": 10
    }
  }