{
    "parent": "hyjg_custom_combat_system:displayed_achievements/combat/root",
    "display": {
        "icon": {
            "item": "minecraft:deepslate"
        },
        "title": "这里不对劲",
        "show_toast": true,
        "announce_to_chat": true,
        "description": {"text":"地底深处，似乎存在着大恐怖！（难度在混沌之世及以上会刷新地底深处的怪物）","color":"green"},
        "frame": "task"
    },
    "criteria": {
      "example": {
        "trigger": "minecraft:location",
        "conditions": {
          "player": {
            "location": {
                "position": {
                    "y": {
                        "max": 8
                    }
                },
                "dimension": "minecraft:overworld"
            }
          }
        }
      }
    },
    "rewards": {
      "experience": 25
    }
  }