{
    "parent": "hyjg_custom_combat_system:displayed_achievements/combat/kill_mob/underground/base",
    "display": {
        "icon": {
            "item": "minecraft:skeleton_skull"
        },
        "title": "原来入侵是从地底开始的吗",
        "show_toast": true,
        "announce_to_chat": true,
        "description": {"text":"入侵似乎是从地底开始的，可能很久以前就开始了。这些骷髅生前应该最底层的矿奴。地底恐怖来临的时候，他们被遗弃在这了。因为时间太过久远，他们的早已经被那未知的东西完全操纵。","color":"green"},
        "frame": "task"
    },
    "criteria": {
      "example": {
        "trigger": "minecraft:player_killed_entity",
        "conditions": {
          "entity": {
            "type": "minecraft:skeleton",
            "nbt": "{Tags:[\"hyjg_chaotic_world_mob_strengthen.mob.underground_rule_controller\"]}"
          }
        }
      }
    },
    "rewards": {
      "experience": 25
    }
  }