{
    "parent": "hyjg_custom_combat_system:displayed_achievements/combat/kill_mob/underground/wander_mob",
    "display": {
        "icon": {
            "item": "minecraft:soul_lantern"
        },
        "title": "死亡的锚点",
        "show_toast": true,
        "announce_to_chat": true,
        "description": {"text":"在这周围，灵魂会有强烈的撕扯感觉。仿佛头顶悬挂着收割利刃，自己随时会死亡。","color":"green"},
        "frame": "task"
    },
    "criteria": {
      "example": {
        "trigger": "minecraft:player_killed_entity",
        "conditions": {
          "entity": {
            "type": "minecraft:skeleton",
            "nbt": "{Tags:[\"hyjg_chaotic_world_mob_strengthen.mob.death_anchor_point\"]}"
          }
        }
      }
    },
    "rewards": {
      "experience": 25
    }
  }