{
    "parent": "hyjg_custom_combat_system:displayed_achievements/combat/kill_mob/underground/wander_mob",
    "display": {
        "icon": {
            "item": "minecraft:player_head"
        },
        "title": "错觉吗？",
        "show_toast": true,
        "announce_to_chat": true,
        "description": {"text":"头很疼，这是我的尸体吗？这里的影响居然如此严重。","color":"green"},
        "frame": "task"
    },
    "criteria": {
      "example": {
        "trigger": "minecraft:player_killed_entity",
        "conditions": {
          "entity": {
            "type": "minecraft:zombie",
            "nbt": "{Tags:[\"hyjg_chaotic_world_mob_strengthen.mob.spirit_phantom\"]}"
          }
        }
      }
    },
    "rewards": {
      "experience": 25
    }
  }