{
    "parent": "hyjg_custom_combat_system:displayed_achievements/combat/kill_mob/underground/base",
    "display": {
        "icon": {
            "item": "minecraft:sculk_vein"
        },
        "title": "规则的掌控者",
        "show_toast": true,
        "announce_to_chat": true,
        "description": {"text":"地底的部分规则被她干扰了，现在十分危险。","color":"green"},
        "frame": "task"
    },
    "criteria": {
      "example": {
        "trigger": "minecraft:player_killed_entity",
        "conditions": {
          "entity": {
            "type": "minecraft:skeleton",
            "nbt": "{Tags:[\"hyjg_chaotic_world_mob_strengthen.mob.underground_rule_controller\"]}"
          }
        }
      }
    },
    "rewards": {
      "experience": 25
    }
  }