{
    "parent": "hyjg_custom_combat_system:displayed_achievements/combat/kill_mob/underground/base",
    "display": {
        "icon": {
            "item": "minecraft:wither_rose"
        },
        "title": "地下游魂",
        "show_toast": true,
        "announce_to_chat": true,
        "description": {"text":"破碎的灵魂，只知道漫无目的的游荡，和吞噬想要靠近的生命。","color":"green"},
        "frame": "task"
    },
    "criteria": {
      "example": {
        "trigger": "minecraft:player_killed_entity",
        "conditions": {
          "entity": {
            "type": "minecraft:zombie",
            "nbt": "{Tags:[\"hyjg_chaotic_world_mob_strengthen.mob.wander_mob\"]}"
          }
        }
      }
    },
    "rewards": {
      "experience": 25
    }
  }