{
    "parent": "hyjg_custom_combat_system:displayed_achievements/combat/root",
    "display": {
        "icon": {
            "item": "minecraft:soul_campfire"
        },
        "title": "邪灵主宰？你不怎么样啊？",
        "show_toast": true,
        "announce_to_chat": true,
        "description": {"text":"杀死用九个灵魂沙平铺+一个凋零骷髅头召唤的BOSS，邪灵主宰。","color":"green"},
        "frame": "challenge"
    },
    "criteria": {
      "example": {
        "trigger": "minecraft:player_killed_entity",
        "conditions": {
          "entity": {
            "type": "minecraft:wither_skeleton",
            "nbt": "{Tags:[\"hyjg_custom_combat_system.entity_boss\",\"hyjg_custom_combat_system.evil_spirit_dominator\",\"hyjg_chaotic_world_mob_strengthen.special_entity\"]}"
          }
        }
      }
    },
    "rewards": {
      "experience": 100
    }
  }