{
    "parent": "hyjg_custom_combat_system:displayed_achievements/combat/kill_mob/bad_villagers/constant_shoot_pillager",
    "display": {
        "icon": {
            "item": "minecraft:crossbow",
            "nbt": "{Enchantments:[{id:\"minecraft:multishot\",lvl:1s}]}"
        },
        "title": "你是有火力不足恐惧症吗",
        "show_toast": true,
        "announce_to_chat": true,
        "description": {"text":"击杀BOSS，掠夺统治者。","color":"green"},
        "frame": "challenge"
    },
    "criteria": {
      "example": {
        "trigger": "minecraft:player_killed_entity",
        "conditions": {
          "entity": {
            "type": "minecraft:pillager",
            "nbt": "{Tags:[\"hyjg_chaotic_world_mob_strengthen.super_pillager\"]}"
          }
        }
      }
    },
    "rewards": {
      "experience": 25
    }
  }