{
    "parent": "hyjg_custom_combat_system:displayed_achievements/combat/root",
    "display": {
        "icon": {
            "item": "minecraft:sculk"
        },
        "title": "这里的东西我要了，监守者也拦不住",
        "show_toast": true,
        "announce_to_chat": true,
        "description": {"text":"击杀监守者。","color":"green"},
        "frame": "challenge"
    },
    "criteria": {
      "example": {
        "trigger": "minecraft:player_killed_entity",
        "conditions": {
          "entity": {
            "type": "minecraft:warden"
          }
        }
      }
    },
    "rewards": {
      "experience": 100
    }
  }