{
  "type": "minecraft:command",
  "pools": [
      {
          "rolls": 1,
          "entries": [
              {
                "type": "minecraft:item",
                "name": "minecraft:warped_fungus_on_a_stick",
                "functions": [
                  {
                    "function": "minecraft:set_name",
                    "name":{"text":"烈焰权杖","italic":false,"color": "green","bold": true}
                  },
                  {
                    "function": "minecraft:set_nbt",
                    "tag": "{hyjg_custom_combat_system:{drop_equip_init:1b},Unbreakable:1b,Tags:[\"hyjg_custom_combat_system.magic_item\",\"hyjg_custom_combat_system.magic.fire\"]}"
                  },
                  {
                    "function": "minecraft:set_nbt",
                    "tag": "{hyjg_custom_combat_system:{equip_effect:{skill_param_change:{damage_append:[{id:\"101\",type:\"magic.fire\",index:\"1\",value:1}]}}}}"
                  },
                  {
                    "conditions": [{
                      "condition": "entity_scores",
                      "entity": "this",
                      "scores": {"hyjg_chaotic_world_mob_strengthen.difficult_type":{"min": 2,"max": 3}}
                    },{
                      "condition": "random_chance",
                      "chance": 0.4
                    }],
                    "function": "minecraft:set_nbt",
                    "tag": "{hyjg_custom_combat_system:{equip_effect:{skill_param_change:{damage_append:[{id:\"101\",type:\"magic.fire\",index:\"1\",value:2}]}}}}"
                  },
                  {
                    "conditions": [{
                      "condition": "entity_scores",
                      "entity": "this",
                      "scores": {"hyjg_chaotic_world_mob_strengthen.difficult_type":3,"hyjg_chaotic_world_mob_strengthen.mob_level":{"min":3}}
                    },{
                      "condition": "random_chance",
                      "chance": 0.1
                    }],
                    "function": "minecraft:set_nbt",
                    "tag": "{hyjg_custom_combat_system:{equip_effect:{skill_param_change:{damage_append:[{id:\"101\",type:\"magic.fire\",index:\"1\",value:3}]}}}}"
                  },
                  {
                    "function": "minecraft:set_nbt",
                    "tag": "{hyjg_custom_combat_system:{lore:['{\"text\":\"击杀烈焰人后，利用其残余力量制作的权杖。可以强化火系魔法。\",\"color\": \"yellow\",\"italic\":false}']}}"
                  },
                  {
                    "function": "minecraft:set_nbt",
                    "tag": "{hyjg_custom_combat_system:{equip_effect:{special:{f1_constant_fire_ball:3}}}}"
                  },
                  {
                    "conditions": [{
                      "condition": "entity_scores",
                      "entity": "this",
                      "scores": {"hyjg_chaotic_world_mob_strengthen.difficult_type":{"min": 2,"max": 3}}
                    },{
                      "condition": "random_chance",
                      "chance": 0.2
                    }],
                    "function": "minecraft:set_nbt",
                    "tag": "{hyjg_custom_combat_system:{equip_effect:{special:{f1_constant_fire_ball:4}}}}"
                  },
                  {
                    "conditions": [{
                      "condition": "entity_scores",
                      "entity": "this",
                      "scores": {"hyjg_chaotic_world_mob_strengthen.difficult_type":3,"hyjg_chaotic_world_mob_strengthen.mob_level":{"min":75}}
                    },{
                      "condition": "random_chance",
                      "chance": 0.03
                    }],
                    "function": "minecraft:set_nbt",
                    "tag": "{hyjg_custom_combat_system:{equip_effect:{special:{f1_constant_fire_ball:5}}}}"
                  },
                  {
                    "conditions": [{
                      "condition": "entity_scores",
                      "entity": "this",
                      "scores": {"hyjg_chaotic_world_mob_strengthen.difficult_type":{"max": 1}}
                    },{
                      "condition": "random_chance",
                      "chance": 0.5
                    }],
                    "function": "minecraft:set_nbt",
                    "tag": "{hyjg_custom_combat_system:{equip_effect:{special:{f1_constant_fire_ball:2}},lore:['{\"text\":\"击杀烈焰人后，利用其残余力量制作的权杖。不过你运气不太好，属性出的不太好。\",\"color\": \"yellow\",\"italic\":false}']}}"
                  }
                ],
                "weight": 10
              },
              {
                "type": "minecraft:empty",
                "weight": 90
              }
          ]
      }
  ]
}
