{
    "type": "minecraft:command",
    "pools": [
        {
            "rolls": 1,
            "entries": [
                {
                  "type": "minecraft:item",
                  "name": "minecraft:crossbow",
                  "functions": [
                    {
                      "function": "minecraft:set_name",
                      "name":{"text":"暴雨疾射之弩[混沌初显]","italic":false,"color": "green"}
                    },
                    {
                      "function": "minecraft:set_nbt",
                      "tag": "{hyjg_custom_combat_system:{drop_equip_init:1b}}"
                    },
                    {
                      "function": "minecraft:set_nbt",
                      "tag": "{hyjg_custom_combat_system:{equip_effect:{skill_param_change:{time_increases:[{id:\"1003\",type:\"combat.crossbow\",index:\"3\",value:30,value_for_describe:\"0.3\",value_for_tick:15}]}}}}"
                    },
                    {
                      "function": "minecraft:set_nbt",
                      "tag": "{hyjg_custom_combat_system:{lore:['{\"text\":\"连弩手使用的优化过后的弩，箭矢装填容量很大，易于连续射击。\",\"color\": \"green\"}']}}"
                    },
                    {
                      "function": "minecraft:set_enchantments",
                      "enchantments": {"minecraft:multishot":1,"minecraft:unbreaking":2,"minecraft:quick_charge":3}
                    }
                  ],
                  "weight": 5
                },
                {
                  "type": "minecraft:item",
                  "name": "minecraft:crossbow",
                  "functions": [
                    {
                      "function": "minecraft:set_name",
                      "name":{"text":"极速之弩[混沌初显]","italic":false,"color": "green"}
                    },
                    {
                      "function": "minecraft:set_nbt",
                      "tag": "{hyjg_custom_combat_system:{drop_equip_init:1b}}"
                    },
                    {
                      "function": "minecraft:set_nbt",
                      "tag": "{hyjg_custom_combat_system:{lore:['{\"text\":\"连弩手使用的优化过后的弩，装填口获得了改造，易于快速射击。\",\"color\": \"green\"}']}}"
                    },
                    {
                      "function": "minecraft:set_nbt",
                      "tag": "{hyjg_custom_combat_system:{equip_effect:{skill_param_change:{time_increases:[{id:\"1003\",type:\"combat.crossbow\",index:\"3\",value:20,value_for_describe:\"0.2\",value_for_tick:4}]}}}}"
                    },
                    {
                      "function": "minecraft:set_enchantments",
                      "enchantments": {"minecraft:quick_charge":4,"minecraft:unbreaking":3}
                    }
                  ],
                  "weight": 3
                },
                {
                  "type": "minecraft:item",
                  "name": "minecraft:crossbow",
                  "functions": [
                    {
                      "function": "minecraft:set_name",
                      "name":{"text":"充能强弩[混沌初显]","italic":false,"color": "green"}
                    },
                    {
                      "function": "minecraft:set_nbt",
                      "tag": "{hyjg_custom_combat_system:{drop_equip_init:1b}}"
                    },
                    {
                      "function": "minecraft:set_nbt",
                      "tag": "{hyjg_custom_combat_system:{lore:['{\"text\":\"连弩手使用的优化过后的弩，威力巨大。\",\"color\": \"green\"}']}}"
                    },
                    {
                      "function": "minecraft:set_nbt",
                      "tag": "{hyjg_custom_combat_system:{equip_effect:{skill_param_change:{damage_append:[{id:\"1001\",type:\"combat.crossbow\",index:\"1\",value:2}]}}}}"
                    },
                    {
                      "function": "minecraft:set_enchantments",
                      "enchantments": {"minecraft:quick_charge":1,"minecraft:unbreaking":3}
                    }
                  ],
                  "weight": 2
                },
                {
                  "type": "empty",
                  "weight": 90
                }
            ]
        }
    ]
}
