{
    "display": {
        "icon": {
            "item": "minecraft:beacon",
            "nbt": "{Enchantments:[{id:\"minecraft:sharpness\",lvl:5s}]}"
        },
        "background": "minecraft:textures/block/beacon.png",
        "title": {"text":"混沌降临","color":"white"},
        "show_toast": true,
        "announce_to_chat": true,
        "description": {"text":"恐怖的敌人已经降临，快速强大自身击败它们吧！","color":"green"},
        "frame": "goal"
    },
    "criteria": {
      "example": {
        "trigger": "minecraft:tick",
        "conditions": {
          "player": [
            {
              "condition": "random_chance",
              "chance": 1,
              "entity": "this"
            }
          ]
        }
      }
    },
    "rewards": {
      "experience": 10
    }
  }