{
    "parent": "hyjg_custom_combat_system:displayed_achievements/magic/root",
    "display": {
        "icon": {
            "item": "minecraft:ice"
        },
        "title": "冰系法师",
        "show_toast": true,
        "announce_to_chat": true,
        "description": {"text":"释放你的第一个冰系魔法。","color":"green"},
        "frame": "goal"
    },
    "criteria": {
      "example": {
        "trigger": "minecraft:impossible"
      }
    },
    "rewards": {
      "experience": 10
    }
  }