{
    "parent": "hyjg_custom_combat_system:displayed_achievements/magic/ice/base",
    "display": {
        "icon": {
            "item": "minecraft:oak_boat"
        },
        "title": "看我漂移",
        "show_toast": true,
        "announce_to_chat": true,
        "description": {"text":"坐上船，打开冰系魔法绝对冰域在水上进行漂移。","color":"green"},
        "frame": "goal"
    },
    "criteria": {
      "example": {
        "trigger": "minecraft:impossible"
      }
    },
    "rewards": {
      "experience": 15
    }
  }