{
  "type": "minecraft:command",
  "pools": [
      {
          "rolls": 1,
          "entries": [
              {
                "type": "minecraft:item",
                "name": "minecraft:iron_axe",
                "functions": [
                  {
                    "function": "minecraft:set_name",
                    "name":{"text":"浸血之斧","italic":false,"color": "green"}
                  },
                  {
                    "function": "minecraft:set_name",
                    "conditions": [
                      {
                        "condition": "entity_scores",
                        "entity": "this",
                        "scores": {"hyjg_chaotic_world_mob_strengthen.difficult_type":1}
                      }
                    ],
                    "name":{"text":"浸血之斧[混沌初显]","italic":false,"color": "green"}
                  },
                  {
                    "function": "minecraft:set_name",
                    "conditions": [
                      {
                        "condition": "entity_scores",
                        "entity": "this",
                        "scores": {"hyjg_chaotic_world_mob_strengthen.difficult_type":2}
                      }
                    ],
                    "name":{"text":"浸血之斧[混沌之世]","italic":false,"color": "green"}
                  },
                  {
                    "function": "minecraft:set_name",
                    "conditions": [
                      {
                        "condition": "entity_scores",
                        "entity": "this",
                        "scores": {"hyjg_chaotic_world_mob_strengthen.difficult_type":{
                          "min": 3
                        }}
                      }
                    ],
                    "name":{"text":"浸血之斧[绝望深渊]","italic":false,"color": "green"}
                  },
                  {
                    "function": "minecraft:set_nbt",
                    "tag": "{hyjg_custom_combat_system:{drop_equip_init:1b}}"
                  },
                  {
                    "function": "minecraft:set_nbt",
                    "tag": "{hyjg_custom_combat_system:{init:[\"axe_1\"]}}"
                  },
                  {
                    "function": "minecraft:set_nbt",
                    "tag": "{hyjg_custom_combat_system:{lore:['{\"text\":\"可怕的杀人魔在使用的斧子，因为浸染了无数鲜血，已经有点泛红\",\"color\": \"yellow\",\"italic\":false}']}}"
                  },
                  {
                    "function": "minecraft:set_enchantments",
                    "enchantments": {"minecraft:sharpness":2,"minecraft:unbreaking":2}
                  }
                ],
                "weight": 7
              },
              {
                "type": "minecraft:item",
                "name": "minecraft:iron_axe",
                "functions": [
                  {
                    "function": "minecraft:set_name",
                    "name":{"text":"浸血之斧","italic":false,"color": "green"}
                  },
                  {
                    "function": "minecraft:set_name",
                    "conditions": [
                      {
                        "condition": "entity_scores",
                        "entity": "this",
                        "scores": {"hyjg_chaotic_world_mob_strengthen.difficult_type":1}
                      }
                    ],
                    "name":{"text":"浸血之斧[混沌初显]","italic":false,"color": "green"}
                  },
                  {
                    "function": "minecraft:set_name",
                    "conditions": [
                      {
                        "condition": "entity_scores",
                        "entity": "this",
                        "scores": {"hyjg_chaotic_world_mob_strengthen.difficult_type":2}
                      }
                    ],
                    "name":{"text":"浸血之斧[混沌之世]","italic":false,"color": "green"}
                  },
                  {
                    "function": "minecraft:set_name",
                    "conditions": [
                      {
                        "condition": "entity_scores",
                        "entity": "this",
                        "scores": {"hyjg_chaotic_world_mob_strengthen.difficult_type":{
                          "min": 3
                        }}
                      }
                    ],
                    "name":{"text":"浸血之斧[绝望深渊]","italic":false,"color": "green"}
                  },
                  {
                    "function": "minecraft:set_nbt",
                    "tag": "{hyjg_custom_combat_system:{drop_equip_init:1b}}"
                  },
                  {
                    "function": "minecraft:set_nbt",
                    "tag": "{hyjg_custom_combat_system:{init:[\"axe_2\"]}}"
                  },
                  {
                    "function": "minecraft:set_nbt",
                    "tag": "{hyjg_custom_combat_system:{lore:['{\"text\":\"可怕的杀人魔在使用的斧子，因为浸染了无数鲜血，已经有点泛红\",\"color\": \"yellow\"}']}}"
                  },
                  {
                    "function": "minecraft:set_enchantments",
                    "enchantments": {"minecraft:sharpness":2,"minecraft:unbreaking":2}
                  }
                ],
                "weight": 8
              },
              {
                "type": "minecraft:item",
                "name": "minecraft:iron_axe",
                "functions": [
                  {
                    "function": "minecraft:set_name",
                    "name":{"text":"浸血之斧","italic":false,"color": "green"}
                  },
                  {
                    "function": "minecraft:set_name",
                    "conditions": [
                      {
                        "condition": "entity_scores",
                        "entity": "this",
                        "scores": {"hyjg_chaotic_world_mob_strengthen.difficult_type":1}
                      }
                    ],
                    "name":{"text":"浸血之斧[混沌初显]","italic":false,"color": "green"}
                  },
                  {
                    "function": "minecraft:set_name",
                    "conditions": [
                      {
                        "condition": "entity_scores",
                        "entity": "this",
                        "scores": {"hyjg_chaotic_world_mob_strengthen.difficult_type":2}
                      }
                    ],
                    "name":{"text":"浸血之斧[混沌之世]","italic":false,"color": "green"}
                  },
                  {
                    "function": "minecraft:set_name",
                    "conditions": [
                      {
                        "condition": "entity_scores",
                        "entity": "this",
                        "scores": {"hyjg_chaotic_world_mob_strengthen.difficult_type":{
                          "min": 3
                        }}
                      }
                    ],
                    "name":{"text":"浸血之斧[绝望深渊]","italic":false,"color": "green"}
                  },
                  {
                    "function": "minecraft:set_nbt",
                    "tag": "{hyjg_custom_combat_system:{drop_equip_init:1b}}"
                  },
                  {
                    "function": "minecraft:set_nbt",
                    "tag": "{hyjg_custom_combat_system:{init:[\"axe_8\"]}}"
                  },
                  {
                    "function": "minecraft:set_nbt",
                    "tag": "{hyjg_custom_combat_system:{lore:['{\"text\":\"可怕的杀人魔在使用的斧子，因为浸染了无数鲜血，已经有点泛红\",\"color\": \"yellow\"}']}}"
                  },
                  {
                    "function": "minecraft:set_enchantments",
                    "enchantments": {"minecraft:sharpness":2,"minecraft:unbreaking":2}
                  }
                ],
                "weight": 2
              },
              {
                "type": "minecraft:item",
                "name": "minecraft:iron_axe",
                "functions": [
                  {
                    "function": "minecraft:set_name",
                    "name":{"text":"暴力的大斧子","italic":false,"color": "green"}
                  },
                  {
                    "function": "minecraft:set_name",
                    "conditions": [
                      {
                        "condition": "entity_scores",
                        "entity": "this",
                        "scores": {"hyjg_chaotic_world_mob_strengthen.difficult_type":1}
                      }
                    ],
                    "name":{"text":"暴力的大斧子[混沌初显]","italic":false,"color": "green"}
                  },
                  {
                    "function": "minecraft:set_name",
                    "conditions": [
                      {
                        "condition": "entity_scores",
                        "entity": "this",
                        "scores": {"hyjg_chaotic_world_mob_strengthen.difficult_type":2}
                      }
                    ],
                    "name":{"text":"暴力的大斧子[混沌之世]","italic":false,"color": "green"}
                  },
                  {
                    "function": "minecraft:set_name",
                    "conditions": [
                      {
                        "condition": "entity_scores",
                        "entity": "this",
                        "scores": {"hyjg_chaotic_world_mob_strengthen.difficult_type":{
                          "min": 3
                        }}
                      }
                    ],
                    "name":{"text":"暴力的大斧子[绝望深渊]","italic":false,"color": "green"}
                  },
                  {
                    "function": "minecraft:set_nbt",
                    "tag": "{hyjg_custom_combat_system:{drop_equip_init:1b}}"
                  },
                  {
                    "function": "minecraft:set_nbt",
                    "tag": "{hyjg_custom_combat_system:{init:[\"axe_1\",\"axe_2\"]}}"
                  },
                  {
                    "function": "minecraft:set_nbt",
                    "tag": "{hyjg_custom_combat_system:{lore:['{\"text\":\"可怕的杀人魔在使用的偏厚一些的斧子，很适合砸人。\",\"color\": \"yellow\"}']}}"
                  },
                  {
                    "function": "minecraft:set_enchantments",
                    "enchantments": {"minecraft:sharpness":2,"minecraft:unbreaking":2}
                  }
                ],
                "weight": 1
              },
              {
                "type": "empty",
                "weight": 90
              }
          ]
      }
  ]
}
