{
    "type": "minecraft:command",
    "pools": [
        {
          "rolls": 1,
          "entries": [
              {
                "type": "minecraft:item",
                "name": "minecraft:shield",
                "functions": [
                  {
                    "function": "minecraft:set_name",
                    "name":{"text":"猪灵坚盾","italic":false,"color": "green"}
                  },
                  {
                    "function": "minecraft:set_nbt",
                    "tag": "{hyjg_custom_combat_system:{drop_equip_init:1b}}"
                  },
                  {
                    "function": "minecraft:set_nbt",
                    "tag": "{hyjg_custom_combat_system:{lore:['{\"text\":\"强大的猪灵强卫使用的盾牌，能给人带来安全感。\",\"color\": \"yellow\",\"italic\":false}']}}"
                  },
                  {
                    "function": "set_attributes",
                    "modifiers":[
                      {"id": "972aa9aa-0d4d-478b-8148-d870a9b213a4","name": "strong_guard_shield","attribute": "minecraft:generic.armor","slot": "offhand","amount": 2,"operation":"addition"},
                      {"id": "507d305f-4d95-450c-8d29-d1ba41bd2971","name": "strong_guard_shield","attribute": "minecraft:generic.armor_toughness","slot": "offhand","amount": 1,"operation":"addition"},
                      {"id": "d70ebd96-071e-4a6c-b87e-a494b93603bd","name": "strong_guard_shield","attribute": "minecraft:generic.knockback_resistance","slot": "offhand","amount": 0.1,"operation":"addition"},
                      {"id": "c4a4bc20-2532-4ca3-8474-9b19ede90962","name": "strong_guard_shield","attribute": "minecraft:generic.max_health","slot": "offhand","amount": 4,"operation":"addition"}
                    ]
                  },
                  {
                    "function": "set_enchantments",
                    "enchantments":{"minecraft:unbreaking":4,"minecraft:mending":1}
                  }
                ],
                "weight": 40
              },
              {
                "type": "empty",
                "weight": 60
              }
          ]
      }
    ]
  }
  