{
    "parent": "hyjg_custom_combat_system:displayed_achievements/magic/fire/base",
    "display": {
        "icon": {
            "item": "minecraft:fire_charge"
        },
        "title": "魔法：连发火球",
        "show_toast": true,
        "announce_to_chat": true,
        "description": {"text":"使用烈焰人掉落的连发火球法杖，释放连续的火球术。","color":"green"},
        "frame": "goal"
    },
    "criteria": {
      "example": {
        "trigger": "minecraft:impossible"
      }
    },
    "rewards": {
      "experience": 15
    }
  }
  