{
    "parent": "hyjg_custom_combat_system:displayed_achievements/magic/fire/base",
    "display": {
        "icon": {
            "item": "minecraft:blaze_powder"
        },
        "title": "魔法：烈火喷泉",
        "show_toast": true,
        "announce_to_chat": true,
        "description": {"text":"击杀猪灵烈焰掌控者，获取其武器，使用此武器辅助释放火系新技能烈焰喷泉。","color":"green"},
        "frame": "goal"
    },
    "criteria": {
      "example": {
        "trigger": "minecraft:impossible"
      }
    },
    "rewards": {
      "experience": 15
    }
  }