{
    "type": "minecraft:command",
    "pools": [
        {
            "rolls": 1,
            "entries": [
                {
                  "type": "minecraft:item",
                  "name": "minecraft:firework_star",
                  "functions": [
                    {
                      "function": "minecraft:set_name",
                      "name": {"text":"传送核心","color":"green","bold": true,"italic": false}
                    },
                    {
                      "function": "minecraft:set_lore",
                      "lore": [{"text":"用于构建两地传送的核心。","color":"green","italic": false}, {"text":"使用方法，潜行+左键确认第一个传送点，潜行+右键点击确认第二个传送点。","color":"green","italic": false}, {"text":"确认信息无误后，丢弃单个该物品投出召唤传送点。","color":"green","italic": false}, {"text":"坐标1[未设置]","color":"yellow","italic": false},{"text":"坐标2[未设置]","color":"yellow","italic": false}]
                    },
                    {
                      "function": "minecraft:set_nbt",
                      "tag": "{hyjg_custom_combat_system:{trigger_for_drop_item:1b,interaction_type:2,id:\"hyjg_custom_combat_system:transmit_core\"}}"
                    }
                    ,
                    {
                      "function": "minecraft:set_nbt",
                      "tag": "{Enchantments:[{id:\"hyjg_custom_combat_system:custom\",lvl:1s}],Explosion:{Type:0b,Colors:[I;1973019]}}"
                    }
                  ],
                  "weight": 100
                }
            ]
        }
    ]
  }
  