{
  "type": "minecraft:command",
  "pools": [
      {
          "rolls": 1,
          "entries": [
              {
                "type": "minecraft:item",
                "name": "minecraft:warped_fungus_on_a_stick",
                "functions": [
                  {
                    "function": "minecraft:set_name",
                    "name":{"text":"监守者权杖","italic":false,"color": "yellow","bold": true}
                  },
                  {
                    "function": "minecraft:set_nbt",
                    "tag": "{hyjg_custom_combat_system:{equip_effect:{skill_param_change:{damage_append:[{id:\"502\",type:\"magic.destory\",index:\"2\",value:2}]}}}}"
                  },
                  {
                    "function": "minecraft:set_name",
                    "conditions": [{
                      "condition": "entity_scores",
                      "entity": "this",
                      "scores": {"hyjg_chaotic_world_mob_strengthen.difficult_type":1}
                    }],
                    "name":{"text":"监守者权杖[混沌初显]","italic":false,"color": "yellow","bold": true}
                  },
                  {
                    "function": "minecraft:set_nbt",
                    "conditions": [{
                      "condition": "entity_scores",
                      "entity": "this",
                      "scores": {"hyjg_chaotic_world_mob_strengthen.difficult_type":1}
                    }],
                    "tag": "{hyjg_custom_combat_system:{equip_effect:{skill_param_change:{damage_append:[{id:\"502\",type:\"magic.destory\",index:\"2\",value:3}]}}}}"
                  },
                  {
                    "function": "minecraft:set_name",
                    "conditions": [{
                      "condition": "entity_scores",
                      "entity": "this",
                      "scores": {"hyjg_chaotic_world_mob_strengthen.difficult_type":2}
                    }],
                    "name":{"text":"监守者权杖[混沌之世]","italic":false,"color": "yellow","bold": true}
                  },
                  {
                    "function": "minecraft:set_nbt",
                    "conditions": [{
                      "condition": "entity_scores",
                      "entity": "this",
                      "scores": {"hyjg_chaotic_world_mob_strengthen.difficult_type":2}
                    }],
                    "tag": "{hyjg_custom_combat_system:{equip_effect:{skill_param_change:{damage_append:[{id:\"502\",type:\"magic.destory\",index:\"2\",value:4}]}}}}"
                  },
                  {
                    "function": "minecraft:set_nbt",
                    "conditions": [{
                      "condition": "entity_scores",
                      "entity": "this",
                      "scores": {"hyjg_chaotic_world_mob_strengthen.difficult_type":2}
                    },{
                      "condition": "random_chance",
                      "chance": 0.3
                    }],
                    "tag": "{hyjg_custom_combat_system:{equip_effect:{skill_param_change:{damage_append:[{id:\"502\",type:\"magic.destory\",index:\"2\",value:5}]}}}}"
                  },
                  {
                    "function": "minecraft:set_name",
                    "conditions": [{
                      "condition": "entity_scores",
                      "entity": "this",
                      "scores": {"hyjg_chaotic_world_mob_strengthen.difficult_type":3}
                    }],
                    "name":{"text":"监守者权杖[绝望深渊]","italic":false,"color": "yellow","bold": true}
                  },
                  {
                    "function": "minecraft:set_nbt",
                    "conditions": [{
                      "condition": "entity_scores",
                      "entity": "this",
                      "scores": {"hyjg_chaotic_world_mob_strengthen.difficult_type":3}
                    }],
                    "tag": "{hyjg_custom_combat_system:{equip_effect:{skill_param_change:{damage_append:[{id:\"502\",type:\"magic.destory\",index:\"2\",value:5}]}}}}"
                  },
                  {
                    "function": "minecraft:set_nbt",
                    "conditions": [{
                      "condition": "entity_scores",
                      "entity": "this",
                      "scores": {"hyjg_chaotic_world_mob_strengthen.difficult_type":3}
                    },{
                      "condition":"random_chance",
                      "chance": 0.5
                    }],
                    "tag": "{hyjg_custom_combat_system:{equip_effect:{skill_param_change:{damage_append:[{id:\"502\",type:\"magic.destory\",index:\"2\",value:6}]}}}}"
                  },
                  {
                    "function": "minecraft:set_nbt",
                    "conditions": [{
                      "condition": "entity_scores",
                      "entity": "this",
                      "scores": {"hyjg_chaotic_world_mob_strengthen.difficult_type":3}
                    },{
                      "condition":"random_chance",
                      "chance": 0.3
                    }],
                    "tag": "{hyjg_custom_combat_system:{equip_effect:{skill_param_change:{damage_append:[{id:\"502\",type:\"magic.destory\",index:\"2\",value:7}]}}}}"
                  },
                  {
                    "function": "minecraft:set_nbt",
                    "conditions": [{
                      "condition": "entity_scores",
                      "entity": "this",
                      "scores": {"hyjg_chaotic_world_mob_strengthen.difficult_type":{
                        "min": 1,
                        "max": 3
                      }}
                    }],
                    "tag": "{hyjg_custom_combat_system:{magic_stick_prop:{strengthen_count:1,destory:12}}}"
                  },
                  {
                    "function": "minecraft:set_nbt",
                    "conditions": [{
                      "condition": "entity_scores",
                      "entity": "this",
                      "scores": {"hyjg_chaotic_world_mob_strengthen.difficult_type":{
                        "min": 1,
                        "max": 3
                      }}
                    },{
                      "condition": "random_chance",
                      "chance": 0.5
                    }],
                    "tag": "{hyjg_custom_combat_system:{magic_stick_prop:{strengthen_count:1,destory:14}}}"
                  },
                  {
                    "function": "minecraft:set_nbt",
                    "conditions": [{
                      "condition": "entity_scores",
                      "entity": "this",
                      "scores": {"hyjg_chaotic_world_mob_strengthen.difficult_type":{
                        "min": 2,
                        "max": 3
                      }}
                    },{
                      "condition": "random_chance",
                      "chance": 0.2
                    }],
                    "tag": "{hyjg_custom_combat_system:{magic_stick_prop:{strengthen_count:1,destory:15}}}"
                  },
                  {
                    "function": "minecraft:set_nbt",
                    "conditions": [{
                      "condition": "entity_scores",
                      "entity": "this",
                      "scores": {"hyjg_chaotic_world_mob_strengthen.difficult_type":{
                        "min": 2,
                        "max": 3
                      }}
                    },{
                      "condition": "random_chance",
                      "chance": 0.2
                    }],
                    "tag": "{hyjg_custom_combat_system:{magic_stick_prop:{strengthen_count:1,destory:16}}}"
                  },
                  {
                    "function": "minecraft:set_nbt",
                    "conditions": [{
                      "condition": "entity_scores",
                      "entity": "this",
                      "scores": {"hyjg_chaotic_world_mob_strengthen.difficult_type":3}
                    },{
                      "condition": "random_chance",
                      "chance": 0.15
                    }],
                    "tag": "{hyjg_custom_combat_system:{magic_stick_prop:{strengthen_count:1,destory:17}}}"
                  },
                  {
                    "function": "minecraft:set_nbt",
                    "conditions": [{
                      "condition": "entity_scores",
                      "entity": "this",
                      "scores": {"hyjg_chaotic_world_mob_strengthen.difficult_type":3}
                    },{
                      "condition": "random_chance",
                      "chance": 0.1
                    }],
                    "tag": "{hyjg_custom_combat_system:{magic_stick_prop:{strengthen_count:1,destory:18}}}"
                  },
                  {
                    "function": "minecraft:set_nbt",
                    "conditions": [{
                      "condition": "entity_scores",
                      "entity": "this",
                      "scores": {"hyjg_chaotic_world_mob_strengthen.difficult_type":3}
                    },{
                      "condition": "random_chance",
                      "chance": 0.05
                    }],
                    "tag": "{hyjg_custom_combat_system:{magic_stick_prop:{strengthen_count:1,destory:19}}}"
                  },
                  {
                    "function": "minecraft:set_nbt",
                    "conditions": [{
                      "condition": "entity_scores",
                      "entity": "this",
                      "scores": {"hyjg_chaotic_world_mob_strengthen.difficult_type":3}
                    },{
                      "condition": "random_chance",
                      "chance": 0.04
                    }],
                    "tag": "{hyjg_custom_combat_system:{magic_stick_prop:{strengthen_count:1,destory:20}}}"
                  },
                  {
                    "function": "minecraft:set_nbt",
                    "tag": "{hyjg_custom_combat_system:{drop_equip_init:1b},Unbreakable:1b,Tags:[\"hyjg_custom_combat_system.magic_item\",\"hyjg_custom_combat_system.magic.destory\"]}"
                  },
                  {
                    "function": "minecraft:set_nbt",
                    "tag": "{hyjg_custom_combat_system:{lore:['{\"text\":\"凝聚坚守者的力量的强大权杖，极大的强化玩家音波攻击\",\"color\": \"yellow\",\"italic\":false}']}}"
                  }
                ],
                "weight": 5
              },
              {
                "type": "minecraft:item",
                "name": "minecraft:netherite_axe",
                "functions": [
                  {
                    "function": "minecraft:set_name",
                    "name":{"text":"深暗之斧","italic":false,"color": "yellow","bold": true}
                  },
                  {
                    "function": "minecraft:set_nbt",
                    "tag": "{hyjg_custom_combat_system:{drop_equip_init:1b}}"
                  },
                  {
                    "function": "minecraft:set_nbt",
                    "tag": "{hyjg_custom_combat_system:{equip_effect:{special:{sonic_boom:3}}}}"
                  },
                  {
                    "function": "minecraft:set_nbt",
                    "conditions": [
                      {
                        "condition": "random_chance",
                        "chance": 0.5
                      }
                    ],
                    "tag": "{hyjg_custom_combat_system:{equip_effect:{special:{sonic_boom:4}}}}"
                  },
                  {
                    "function": "minecraft:set_nbt",
                    "conditions": [
                      {
                        "condition": "random_chance",
                        "chance": 0.3
                      }
                    ],
                    "tag": "{hyjg_custom_combat_system:{equip_effect:{special:{sonic_boom:5}}}}"
                  },
                  {
                    "function": "minecraft:set_nbt",
                    "conditions": [
                      {
                        "condition": "random_chance",
                        "chance": 0.1
                      }
                    ],
                    "tag": "{hyjg_custom_combat_system:{equip_effect:{special:{sonic_boom:7}}}}"
                  },
                  {
                    "function": "minecraft:set_nbt",
                    "tag": "{hyjg_custom_combat_system:{lore:['{\"text\":\"内含强大力量的斧头，蕴含了远古的力量。\",\"color\": \"yellow\",\"italic\":false}']}}"
                  }
                ],
                "weight": 5
              }
          ]
      },
      {
        "rolls": 1,
        "entries": [
            {
              "type": "minecraft:item",
              "name": "minecraft:netherite_upgrade_smithing_template",
              "weight": 40
            },
            {
              "type": "minecraft:empty",
              "weight": 60
            }
        ]
    }
  ]
}
