{
  "type": "minecraft:command",
  "pools": [
      {
          "rolls": 1,
          "entries": [
              {
                "type": "minecraft:item",
                "name": "minecraft:warped_fungus_on_a_stick",
                "functions": [
                  {
                    "function": "minecraft:set_name",
                    "name":{"text":"亡灵主宰之杖","italic":false,"color": "yellow","bold": true}
                  },
                  {
                    "function": "minecraft:set_nbt",
                    "tag": "{hyjg_custom_combat_system:{drop_equip_init:1b},Unbreakable:1b,Tags:[\"hyjg_custom_combat_system.magic_item\",\"hyjg_custom_combat_system.magic.dead\"]}"
                  },
                  {
                    "function": "minecraft:set_nbt",
                    "tag": "{hyjg_custom_combat_system:{equip_effect:{skill_param_change:{damage_append:[{id:\"301\",type:\"magic.dead\",index:\"1\",value:1},{id:\"302\",type:\"magic.dead\",index:\"2\",value:1},{id:\"303\",type:\"magic.dead\",index:\"3\",value:1},{id:\"304\",type:\"magic.dead\",index:\"4\",value:1},{id:\"305\",type:\"magic.dead\",index:\"5\",value:1}]}}}}"
                  },
                  {
                    "function": "minecraft:set_nbt",
                    "conditions": [{
                      "condition": "entity_scores",
                      "entity": "this",
                      "scores": {
                        "hyjg_chaotic_world_mob_strengthen.difficult_type":1
                      }
                    }],
                    "tag": "{display:{Name:'{\"text\":\"亡灵主宰之杖[混沌初显]\",\"italic\":false,\"color\": \"yellow\",\"bold\": true}'},hyjg_custom_combat_system:{equip_effect:{skill_param_change:{damage_append:[{id:\"301\",type:\"magic.dead\",index:\"1\",value:2},{id:\"302\",type:\"magic.dead\",index:\"2\",value:1},{id:\"303\",type:\"magic.dead\",index:\"3\",value:2},{id:\"304\",type:\"magic.dead\",index:\"4\",value:1},{id:\"305\",type:\"magic.dead\",index:\"5\",value:2}]}}}}"
                  },
                  {
                    "function": "minecraft:set_nbt",
                    "conditions": [{
                      "condition": "entity_scores",
                      "entity": "this",
                      "scores": {
                        "hyjg_chaotic_world_mob_strengthen.difficult_type":2
                      }
                    }],
                    "tag": "{display:{Name:'{\"text\":\"亡灵主宰之杖[混沌之世]\",\"italic\":false,\"color\": \"yellow\",\"bold\": true}'},hyjg_custom_combat_system:{equip_effect:{skill_param_change:{damage_append:[{id:\"301\",type:\"magic.dead\",index:\"1\",value:2},{id:\"302\",type:\"magic.dead\",index:\"2\",value:2},{id:\"303\",type:\"magic.dead\",index:\"3\",value:3},{id:\"304\",type:\"magic.dead\",index:\"4\",value:1},{id:\"305\",type:\"magic.dead\",index:\"5\",value:2}]}}}}"
                  },
                  {
                    "function": "minecraft:set_nbt",
                    "conditions": [{
                      "condition": "entity_scores",
                      "entity": "this",
                      "scores": {
                        "hyjg_chaotic_world_mob_strengthen.difficult_type":3
                      }
                    }],
                    "tag": "{display:{Name:'{\"text\":\"亡灵主宰之杖[绝望深渊]\",\"italic\":false,\"color\": \"yellow\",\"bold\": true}'},hyjg_custom_combat_system:{equip_effect:{skill_param_change:{damage_append:[{id:\"301\",type:\"magic.dead\",index:\"1\",value:3},{id:\"302\",type:\"magic.dead\",index:\"2\",value:3},{id:\"303\",type:\"magic.dead\",index:\"3\",value:4},{id:\"304\",type:\"magic.dead\",index:\"4\",value:2},{id:\"305\",type:\"magic.dead\",index:\"5\",value:3}]}}}}"
                  },
                  {
                    "function": "minecraft:set_nbt",
                    "tag": "{hyjg_custom_combat_system:{lore:['{\"text\":\"亡灵主宰死后，其哀嚎着被封印进入了法杖之中。\",\"color\": \"yellow\",\"italic\":false}','{\"text\":\"法杖略微强化亡灵系各个魔法的攻击力。\",\"color\": \"yellow\",\"italic\":false}']}}"
                  }
                ],
                "weight": 5
              }
          ]
      }
  ]
}
