{
    "criteria": {
      "example": {
        "trigger": "minecraft:using_item",
        "conditions": {
          "item":{
            "items":[
              "minecraft:potion",
              "minecraft:splash_potion",
              "minecraft:lingering_potion",
              "minecraft:tropical_fish",
              "minecraft:mutton",
              "minecraft:beef",
              "minecraft:porkchop",
              "minecraft:rotten_flesh",
              "minecraft:cod",
              "minecraft:rabbit",
              "minecraft:chicken",
              "minecraft:salmon",
              "minecraft:cooked_chicken",
              "minecraft:cooked_beef",
              "minecraft:cooked_porkchop",
              "minecraft:cooked_cod",
              "minecraft:cooked_salmon",
              "minecraft:cooked_rabbit",
              "minecraft:cooked_mutton",
              "minecraft:dried_kelp",
              "minecraft:cookie",
              "minecraft:carrot",
              "minecraft:chorus_fruit",
              "minecraft:glow_berries",
              "minecraft:sweet_berries",
              "minecraft:melon_slice",
              "minecraft:potato",
              "minecraft:apple",
              "minecraft:beetroot",
              "minecraft:pufferfish",
              "minecraft:spider_eye",
              "minecraft:poisonous_potato",
              "minecraft:pumpkin_pie",
              "minecraft:suspicious_stew",
              "minecraft:beetroot_soup",
              "minecraft:mushroom_stew",
              "minecraft:golden_apple",
              "minecraft:golden_carrot",
              "minecraft:enchanted_golden_apple",
              "minecraft:baked_potato",
              "minecraft:honey_bottle",
              "minecraft:rabbit_stew",
              "minecraft:bread"
            ]
          }
        }
      }
    },
    "rewards": {
        "function": "hyjg_custom_combat_system:common/prop_effect/using_potion_or_food/using_item"
    }
  }