{ 
    "parent": "hyjg_custom_combat_system:displayed_achievements/combat/kill_mob/piglin/base_mob",
    "display": {
        "icon": {
            "item": "minecraft:golden_axe"
        },
        "title": "四肢发达，一身蛮力",
        "show_toast": true,
        "announce_to_chat": true,
        "description": {"text":"猪灵们攻击力很强，千万别被打到了，被一斧子砸进地板可不好受。","color":"green"},
        "frame": "goal"
    },
    "criteria": {
      "example": {
        "trigger": "minecraft:player_killed_entity",
        "conditions": {
          "entity": {
            "type": "minecraft:piglin_brute",
            "nbt": "{HandItems:[{id:\"minecraft:golden_axe\"}]}"
          }
        }
      }
    },
    "rewards": {
      "experience": 30
    }
  }
  