{ 
    "parent": "hyjg_custom_combat_system:displayed_achievements/combat/root",
    "display": {
        "icon": {
            "item": "minecraft:gold_nugget"
        },
        "title": "你不该惹他们的",
        "show_toast": true,
        "announce_to_chat": true,
        "description": {"text":"猪灵，很危险，它们受到攻击的时候会让蛮兵来帮打。","color":"green"},
        "frame": "goal"
    },
    "criteria": {
      "example_for_piglin": {
        "trigger": "minecraft:player_killed_entity",
        "conditions": {
          "entity": {
            "type": "minecraft:piglin"
          }
        }
      },
      "example_for_piglin_brute": {
        "trigger": "minecraft:player_killed_entity",
        "conditions": {
          "entity": {
            "type": "minecraft:piglin_brute"
          }
        }
      }
    },
    "requirements": [
      ["example_for_piglin","example_for_piglin_brute"]
    ],
    "rewards": {
      "experience": 15
    }
  }
  