{ 
    "parent": "hyjg_custom_combat_system:displayed_achievements/combat/kill_mob/piglin/base_mob",
    "display": {
        "icon": {
            "item": "minecraft:golden_sword"
        },
        "title": "你也是双刀流？",
        "show_toast": true,
        "announce_to_chat": true,
        "description": {"text":"击杀猪灵之中手持双剑的剑士。","color":"green"},
        "frame": "goal"
    },
    "criteria": {
      "example": {
        "trigger": "minecraft:player_killed_entity",
        "conditions": {
          "entity": {
            "type": "minecraft:piglin_brute",
            "nbt": "{HandItems:[{id:\"minecraft:golden_sword\"},{id:\"minecraft:golden_sword\"}]}"
          }
        }
      }
    },
    "rewards": {
      "experience": 30
    }
  }
  