{ 
    "parent": "hyjg_custom_combat_system:displayed_achievements/combat/kill_mob/piglin/axe_piglin_brute",
    "display": {
        "icon": {
            "item": "minecraft:blaze_powder"
        },
        "title": "猪灵中的烈焰法师",
        "show_toast": true,
        "announce_to_chat": true,
        "description": {"text":"虽然它们大多数都是直接用斧子砍人的，但是在下届这么久，能释放火系魔法很合理吧。","color":"green"},
        "frame": "goal"
    },
    "criteria": {
      "example": {
        "trigger": "minecraft:player_killed_entity",
        "conditions": {
          "entity": {
            "type": "minecraft:piglin_brute",
            "nbt": "{Tags:[\"hyjg_chaotic_world_mob_strengthen.mob.piglin_brute.fire_master\"]}"
          }
        }
      }
    },
    "rewards": {
      "experience": 30
    }
  }
  