{ 
    "parent": "hyjg_custom_combat_system:displayed_achievements/combat/kill_mob/piglin/base_mob",
    "display": {
        "icon": {
            "item": "minecraft:piglin_spawn_egg"
        },
        "title": "有本事你别叫人",
        "show_toast": true,
        "announce_to_chat": true,
        "description": {"text":"猪灵不讲武德，叫居然人群殴我。","color":"green"},
        "frame": "goal"
    },
    "criteria": {
      "example": {
        "trigger": "minecraft:impossible"
      }
    },
    "rewards": {
      "experience": 15
    }
  }
  