{ 
    "parent": "hyjg_custom_combat_system:displayed_achievements/combat/kill_mob/piglin/piglin_summon_piglin_brute",
    "display": {
        "icon": {
            "item": "minecraft:spawner",
            "nbt": "{Enchantments:[{id:\"minecraft:unbreaking\",lvl:3s}]}"
        },
        "title": "落荒而逃",
        "show_toast": true,
        "announce_to_chat": true,
        "description": {"text":"这群猪灵一直叫人，蛮兵太多了顶不住啦。","color":"green"},
        "frame": "goal"
    },
    "criteria": {
      "example": {
        "trigger": "minecraft:impossible"
      }
    },
    "rewards": {
      "experience": 15
    }
  }
  