{ 
    "parent": "hyjg_custom_combat_system:displayed_achievements/combat/kill_mob/piglin/double_sword_piglin_brute",
    "display": {
        "icon": {
            "item": "minecraft:netherite_sword",
            "nbt":"{Enchantments:[{id:\"minecraft:sharpness\",lvl:5s}]}"
        },
        "title": "强大的下届剑士",
        "show_toast": true,
        "announce_to_chat": true,
        "description": {"text":"它很强，不过还好我技高一筹。击杀猪灵蛮兵狂剑士⭐⭐⭐⭐。","color":"green"},
        "frame": "goal"
    },
    "criteria": {
      "example": {
        "trigger": "minecraft:player_killed_entity",
        "conditions": {
          "entity": {
            "type": "minecraft:piglin_brute",
            "nbt": "{Tags:[\"hyjg_chaotic_world_mob_strengthen.mob.piglin_brute.star_4_crazy_swordsman\"]}"
          }
        }
      }
    },
    "rewards": {
      "experience": 30
    }
  }
  