{ 
    "parent": "hyjg_custom_combat_system:displayed_achievements/combat/kill_mob/bad_villagers/base_mob",
    "display": {
        "icon": {
            "item": "minecraft:iron_axe"
        },
        "title": "斧子杀人魔，也不过如此",
        "show_toast": true,
        "announce_to_chat": true,
        "description": {"text":"击杀精英怪斧子杀人魔。","color":"green"},
        "frame": "task"
    },
    "criteria": {
      "example": {
        "trigger": "minecraft:player_killed_entity",
        "conditions": {
          "entity": {
            "type": "minecraft:vindicator",
            "nbt": "{Tags:[\"hyjg_chaotic_world_mob_strengthen.mob.bad_villager.axe_killer\"]}"
          }
        }
      }
    },
    "rewards": {
      "experience": 25
    }
  }
  