{ 
    "parent": "hyjg_custom_combat_system:displayed_achievements/combat/root",
    "display": {
        "icon": {
            "item": "minecraft:crossbow"
        },
        "title": "肆虐的掠夺者",
        "show_toast": true,
        "announce_to_chat": true,
        "description": {"text":"掠夺者怎么变这么多了？看来世界越来越乱了。（主要是为了分层的，避免过多成就在同一行）","color":"green"},
        "frame": "goal"
    },
    "criteria": {
      "example": {
        "trigger": "minecraft:player_killed_entity",
        "conditions": {
          "entity": {
            "type": "minecraft:pillager"
          }
        }
      }
    },
    "rewards": {
      "experience": 5
    }
  }