{
    "parent": "hyjg_custom_combat_system:displayed_achievements/combat/kill_mob/bad_villagers/base_mob",
    "display": {
        "icon": {
            "item": "minecraft:crossbow",
            "nbt": "{Enchantments:[{id:\"minecraft:multishot\",lvl:1s}]}"
        },
        "title": "强大的连弩手",
        "show_toast": true,
        "announce_to_chat": true,
        "description": {"text":"击杀精英怪，掠夺者连弩手。","color":"green"},
        "frame": "task"
    },
    "criteria": {
      "example": {
        "trigger": "minecraft:player_killed_entity",
        "conditions": {
          "entity": {
            "type": "minecraft:pillager",
            "nbt": "{Tags:[\"hyjg_chaotic_world_mob_strengthen.mob.constant_shoot_pillager\"]}"
          }
        }
      }
    },
    "rewards": {
      "experience": 25
    }
  }