{
    "parent": "hyjg_custom_combat_system:displayed_achievements/combat/kill_mob/bad_villagers/base_mob",
    "display": {
        "icon": {
            "item": "minecraft:potion"
        },
        "title": "会魔力爆破的敌人",
        "show_toast": true,
        "announce_to_chat": true,
        "description": {"text":"击败精英怪邪恶巫女。","color":"green"},
        "frame": "task"
    },
    "criteria": {
      "example": {
        "trigger": "minecraft:player_killed_entity",
        "conditions": {
          "entity": {
            "type": "minecraft:witch",
            "nbt": "{Tags:[\"hyjg_chaotic_world_mob_strengthen.mob.evil_witch\"]}"
          }
        }
      }
    },
    "rewards": {
      "experience": 30
    }
  }
