{
    "parent": "hyjg_custom_combat_system:displayed_achievements/combat/kill_mob/bad_villagers/base_mob",
    "display": {
        "icon": {
            "item": "minecraft:bow",
            "nbt": "{Enchantments:[{id:\"minecraft:power\",lvl:1s}]}"
        },
        "title": "幻术师",
        "show_toast": true,
        "announce_to_chat": true,
        "description": {"text":"为何以前从未见过的幻术师现在出手了","color":"green"},
        "frame": "task"
    },
    "criteria": {
      "example": {
        "trigger": "minecraft:player_killed_entity",
        "conditions": {
          "entity": {
            "type": "minecraft:illusioner"
          }
        }
      }
    },
    "rewards": {
      "experience": 25
    }
  }