{
    "parent": "hyjg_chaotic_world_mob_strengthen:entity_hurt_player/entity_hurt_player",
    "criteria": {
      "example": {
        "trigger": "minecraft:entity_hurt_player",
        "conditions": {
          "damage": {
            "blocked": false,
            "source_entity": {
              "type": "minecraft:enderman"
            }
          }
        }
      }
    },
    "rewards": {
      "function": "hyjg_chaotic_world_mob_strengthen:event/entity_hurt_player/enderman/start"
    }
  }