{
  "type": "minecraft:command",
  "pools": [
      {
          "rolls": 1,
          "entries": [
              {
                "type": "loot_table",
                "name":"hyjg_custom_combat_system:material/common/magic_dust",
                "weight": 10
              },
              {
                "type": "loot_table",
                "name":"hyjg_custom_combat_system:material/common/magic_dust",
                "conditions": [
                  {
                    "condition": "minecraft:entity_scores",
                    "entity": "this",
                    "scores": {"hyjg_chaotic_world_mob_strengthen.difficult_type":{"min":2}}
                  }
                ],
                "weight": 15
              },
              {
                "type": "loot_table",
                "name":"hyjg_custom_combat_system:material/common/magic_dust",
                "conditions": [
                  {
                    "condition": "minecraft:entity_scores",
                    "entity": "this",
                    "scores": {"hyjg_chaotic_world_mob_strengthen.difficult_type":{"min":3}}
                  }
                ],
                "weight": 15
              },
              {
                "type": "loot_table",
                "name":"hyjg_custom_combat_system:material/common/magic_dust",
                "conditions": [
                  {
                    "condition": "minecraft:entity_scores",
                    "entity": "this",
                    "scores": {"hyjg_chaotic_world_mob_strengthen.mob_level":{"min":30}}
                  }
                ],
                "weight": 15
              },
              {
                "type": "loot_table",
                "name":"hyjg_custom_combat_system:material/common/magic_dust",
                "conditions": [
                  {
                    "condition": "minecraft:entity_scores",
                    "entity": "this",
                    "scores": {"hyjg_chaotic_world_mob_strengthen.mob_level":{"min":60}}
                  }
                ],
                "weight": 20
              },
              {
                "type": "empty",
                "weight": 25
              }
          ]
      }
  ]
}
