{
    "parent": "hyjg_custom_combat_system:displayed_achievements/combat/kill_mob/boss/ender_dragon",
    "display": {
        "icon": {
            "item": "minecraft:dragon_head",
            "nbt": "{Enchantments:[{id:\"minecraft:unbreaking\",lvl:3s}]}"
        },
        "title": "这真不是一般人能做到的事",
        "show_toast": true,
        "announce_to_chat": true,
        "description": {"text":"在难度[绝望深渊]，怪物等级大于70的情况下击败末影龙。如果真能不加其他模组打过这难度，你已经超出作者的预料了。[奖励永久属性点*4]","color":"green"},
        "frame": "challenge"
    },
    "criteria": {
      "example": {
        "trigger": "minecraft:impossible"
      }
    },
    "rewards": {
      "experience": 1000,
      "function": "hyjg_custom_combat_system:skill/combat/common_function/set_prop_total_point"
    }
  }