{
    "type": "minecraft:command",
    "pools": [
        {
            "rolls": 1,
            "entries": [
                {
                  "type": "minecraft:item",
                  "name": "minecraft:crossbow",
                  "functions": [
                    {
                      "function": "minecraft:set_name",
                      "name":{"text":"暴雨疾射之弩[混沌之世]","italic":false,"color": "green"}
                    },
                    {
                      "function": "minecraft:set_nbt",
                      "tag": "{hyjg_custom_combat_system:{drop_equip_init:1b}}"
                    },
                    {
                      "function": "minecraft:set_nbt",
                      "tag": "{hyjg_custom_combat_system:{equip_effect:{skill_param_change:{time_increases:[{id:\"1003\",type:\"combat.crossbow\",index:\"3\",value:25,value_for_describe:\"0.25\",value_for_tick:5}]}}}}"
                    },
                    {
                      "function": "minecraft:set_nbt",
                      "tag": "{hyjg_custom_combat_system:{lore:['{\"text\":\"吸收了一定混沌之气过的弩，可以容纳更多的箭矢，让持续射击更加持久。\",\"color\": \"green\"}']}}"
                    },
                    {
                      "function": "minecraft:set_enchantments",
                      "enchantments": {"minecraft:multishot":1,"minecraft:unbreaking":2,"minecraft:quick_charge":3}
                    }
                  ],
                  "weight": 5
                },
                {
                  "type": "minecraft:item",
                  "name": "minecraft:crossbow",
                  "functions": [
                    {
                      "function": "minecraft:set_name",
                      "name":{"text":"极速之弩[混沌之世]","italic":false,"color": "green"}
                    },
                    {
                      "function": "minecraft:set_nbt",
                      "tag": "{hyjg_custom_combat_system:{drop_equip_init:1b}}"
                    },
                    {
                      "function": "minecraft:set_nbt",
                      "tag": "{hyjg_custom_combat_system:{lore:['{\"text\":\"吸收了一定混沌之气过的弩，可以快速填装的同时，也一定程度上强化了持续力。\",\"color\": \"green\"}']}}"
                    },
                    {
                      "function": "minecraft:set_nbt",
                      "tag": "{hyjg_custom_combat_system:{equip_effect:{skill_param_change:{time_increases:[{id:\"1003\",type:\"combat.crossbow\",index:\"3\",value:15,value_for_describe:\"0.15\",value_for_tick:3}]}}}}"
                    },
                    {
                      "function": "minecraft:set_enchantments",
                      "enchantments": {"minecraft:quick_charge":4,"minecraft:unbreaking":3}
                    }
                  ],
                  "weight": 3
                },
                {
                  "type": "minecraft:item",
                  "name": "minecraft:crossbow",
                  "functions": [
                    {
                      "function": "minecraft:set_name",
                      "name":{"text":"充能强弩[混沌之世]","italic":false,"color": "green"}
                    },
                    {
                      "function": "minecraft:set_nbt",
                      "tag": "{hyjg_custom_combat_system:{drop_equip_init:1b}}"
                    },
                    {
                      "function": "minecraft:set_nbt",
                      "tag": "{hyjg_custom_combat_system:{lore:['{\"text\":\"强弩内部似乎蕴含强大的能量，充能射击的技能伤害提升。\",\"color\": \"green\"}']}}"
                    },
                    {
                      "function": "minecraft:set_nbt",
                      "tag": "{hyjg_custom_combat_system:{equip_effect:{skill_param_change:{damage_append:[{id:\"1001\",type:\"combat.crossbow\",index:\"1\",value:2}]}}}}"
                    },
                    {
                      "function": "minecraft:set_enchantments",
                      "enchantments": {"minecraft:quick_charge":1,"minecraft:unbreaking":3}
                    }
                  ],
                  "weight": 2
                },
                {
                  "type": "empty",
                  "weight": 90
                }
            ]
        }
    ]
}
