{
  "parent": "hyjg_custom_combat_system:displayed_achievements/combat/constant_attack/sword/sword_1_8",
  "display": {
      "icon": {
          "item": "minecraft:diamond_sword"
      },
      "title": "狂风一闪",
      "show_toast": true,
      "announce_to_chat": true,
      "description": {"text":"幻影一击接利刃斩空。[奖励斩空之剑[副手]，请确保你的背包不满]","color":"green"},
      "frame": "goal"
  },
  "criteria": {
    "example": {
      "trigger": "minecraft:impossible"
    }
  },
  "rewards": {
    "experience": 30,
    "function": "hyjg_custom_combat_system:common/advancement_rewards/constant_attack/sword_11_8"
  }
}