{
  "parent": "hyjg_custom_combat_system:displayed_achievements/combat/root",
  "display": {
      "icon": {
          "item": "minecraft:iron_sword"
      },
      "title": "剑术连击入门",
      "show_toast": true,
      "announce_to_chat": true,
      "description": {"text":"伤口撕裂接浮空斩连击。（双剑使用效果更好）[奖励连击小木剑一把，请确保你的背包不满]","color":"green"},
      "frame": "goal"
  },
  "criteria": {
    "example": {
      "trigger": "minecraft:impossible"
    }
  },
  "rewards": {
    "experience": 15,
    "function": "hyjg_custom_combat_system:common/advancement_rewards/constant_attack/sword_2_1"
  }
}