{
  "parent": "hyjg_custom_combat_system:displayed_achievements/combat/constant_attack/sword/sword_11_8",
  "display": {
      "icon": {
          "item": "minecraft:netherite_sword",
          "nbt": "{Enchantments:[{id:\"minecraft:unbreaking\",lvl:3s}]}"
      },
      "title": "还能看清我的剑吗？",
      "show_toast": true,
      "announce_to_chat": true,
      "description": {"text":"狂风剑势接幻影一击接利刃斩空。[奖励幻影利刃，请确保你的背包不满]","color":"green"},
      "frame": "goal"
  },
  "criteria": {
    "example": {
      "trigger": "minecraft:impossible"
    }
  },
  "rewards": {
    "experience": 30,
    "function": "hyjg_custom_combat_system:common/advancement_rewards/constant_attack/sword_9_11_8"
  }
}