{
    "parent": "hyjg_custom_combat_system:displayed_achievements/root",
    "display": {
        "icon": {
            "item": "minecraft:diamond_sword"
        },
        "title": "强大的装备",
        "show_toast": true,
        "announce_to_chat": true,
        "description": {"text":"猎杀怪物或者完成进度，获取有特定加成的装备。","color":"green"},
        "frame": "goal"
    },
    "criteria": {
      "example": {
        "trigger": "minecraft:inventory_changed",
        "conditions": {
            "items": [
                {
                    "nbt": "{hyjg_custom_combat_system:{equip_effect:{for_advancements:{base:1b}}}}"
                }
            ]
        }
      }
    },
    "rewards": {
      "experience": 10
    }
  }
