{
  "parent": "hyjg_custom_combat_system:displayed_achievements/root",
  "display": {
      "icon": {
          "item": "minecraft:wooden_sword"
      },
      "title": "战斗开始",
      "show_toast": true,
      "announce_to_chat": true,
      "description": {"text":"进行战斗吧！消灭敌人！","color":"green"},
      "frame": "goal"
  },
  "criteria": {
    "example": {
      "trigger": "minecraft:player_hurt_entity",
      "conditions": {
        "damage": {
          "source_entity": {
            "type": "player"
          }
        }
      }
    }
  },
  "rewards": {
    "experience": 10
  }
}