{
    "parent": "hyjg_custom_combat_system:displayed_achievements/root",
    "display": {
        "icon": {
            "item": "minecraft:glowstone_dust",
            "nbt": "{Enchantments:[{id:\"hyjg_custom_combat_system:custom\",lvl:1s}]}"
        },
        "title": "充满魔力的粉末",
        "show_toast": true,
        "announce_to_chat": true,
        "description": {"text":"在上面能感受到其逸散而出的魔力。","color":"green"},
        "frame": "goal"
    },
    "criteria": {
      "example": {
        "trigger": "minecraft:inventory_changed",
        "conditions": {
            "items": [
                {
                    "nbt": "{hyjg_custom_combat_system:{id:\"hyjg_custom_combat_system:magic_dust\"}}"
                }
            ]
        }
      }
    },
    "rewards": {
      "experience": 10
    }
  }

