{
    "type": "minecraft:command",
    "pools": [
        {
          "rolls": 1,
          "entries": [
              {
                "type": "minecraft:item",
                "name": "minecraft:golden_axe",
                "functions": [
                  {
                    "function": "minecraft:set_name",
                    "name":{"text":"炽热元素之斧[混沌初显]","italic":false,"color": "green"}
                  },
                  {
                    "function": "minecraft:set_name",
                    "conditions":[
                      {
                        "condition": "entity_scores",
                        "entity": "this",
                        "scores": {"hyjg_chaotic_world_mob_strengthen.difficult_type":3}
                      }
                    ],
                    "name":{"text":"炽热元素之斧[混沌之世]","italic":false,"color": "green"}
                  },
                  {
                    "function": "minecraft:set_name",
                    "conditions":[
                      {
                        "condition": "entity_scores",
                        "entity": "this",
                        "scores": {"hyjg_chaotic_world_mob_strengthen.difficult_type":3}
                      }
                    ],
                    "name":{"text":"炽热元素之斧[绝望深渊]","italic":false,"color": "green"}
                  },
                  {
                    "function": "minecraft:set_nbt",
                    "tag": "{hyjg_custom_combat_system:{drop_equip_init:1b}}"
                  },
                  {
                    "function": "minecraft:set_nbt",
                    "tag": "{hyjg_custom_combat_system:{equip_effect:{special:{skill_change:{f2_to_fire_fountain:1b}}}}}"
                  },
                  {
                    "function": "minecraft:set_nbt",
                    "tag": "{hyjg_custom_combat_system:{equip_effect:{skill_param_change_offhand:{damage_append:[{id:\"101\",type:\"magic.fire\",index:\"1\",value:4}]}}}}"
                  },
                  {
                    "function": "minecraft:set_nbt",
                    "conditions":[
                      {
                        "condition": "random_chance",
                        "chance": 0.2
                      }
                    ],
                    "tag": "{hyjg_custom_combat_system:{equip_effect:{skill_param_change_offhand:{damage_append:[{id:\"102\",type:\"magic.fire\",index:\"2\",value:1}]}}}}"
                  },
                  {
                    "function": "minecraft:set_nbt",
                    "conditions":[
                      {
                        "condition": "random_chance",
                        "chance": 0.2
                      }
                    ],
                    "tag": "{hyjg_custom_combat_system:{equip_effect:{skill_param_change_offhand:{damage_append:[{id:\"103\",type:\"magic.fire\",index:\"3\",value:5}]}}}}"
                  },
                  {
                    "function": "minecraft:set_nbt",
                    "conditions":[
                      {
                        "condition": "random_chance",
                        "chance": 0.2
                      }
                    ],
                    "tag": "{hyjg_custom_combat_system:{equip_effect:{skill_param_change_offhand:{damage_append:[{id:\"104\",type:\"magic.fire\",index:\"4\",value:2}]}}}}"
                  },
                  {
                    "function": "minecraft:set_nbt",
                    "tag": "{hyjg_custom_combat_system:{lore:['{\"text\":\"金斧上好像有若隐若现的烈焰斑纹，可以强化部分火系技能威力。\",\"color\": \"yellow\",\"italic\":false}']}}"
                  }
                ],
                "weight": 30
              },
              {
                "type": "empty",
                "weight": 70
              }
          ]
      }
    ]
  }
  