{
    "type": "minecraft:command",
    "pools": [
        {
            "rolls": 1,
            "entries": [
                {
                  "type": "minecraft:item",
                  "name": "minecraft:glowstone_dust",
                  "functions": [
                    {
                      "function": "minecraft:set_name",
                      "name": {"text":"魔力之尘","color":"green","bold": true,"italic": false}
                    },
                    {
                      "function": "minecraft:set_lore",
                      "lore": [{"text":"蕴含着魔力的粉尘，可以是物品的魔力改良改造材料，也可以是对于某些实体的魔力补充品。","color":"green","italic": false}]
                    },
                    {
                      "function": "minecraft:set_nbt",
                      "tag": "{hyjg_custom_combat_system:{id:\"hyjg_custom_combat_system:magic_dust\"},Enchantments:[{id:\"hyjg_custom_combat_system:custom\",lvl:1s}]}"
                    }
                  ],
                  "weight": 100
                }
            ]
        }
    ]
  }
  