{
    "parent": "hyjg_custom_combat_system:displayed_achievements/root",
    "display": {
        "icon": {
            "item": "minecraft:book"
        },
        "title": {"text":"打开主界面","color":"green"},
        "show_toast": true,
        "announce_to_chat": true,
        "description": {"text":"数据包主要操作界面，你可以看到各个技能介绍，以及设置游戏、调整自身属性！","color":"green"},
        "frame": "goal"
    },
    "criteria": {
      "example": {
        "trigger": "minecraft:impossible"
      }
    },
    "rewards": {
      "experience": 10
    }
  }