{ 
    "parent": "hyjg_custom_combat_system:displayed_achievements/combat/root",
    "display": {
        "icon": {
            "item": "minecraft:soul_campfire"
        },
        "title": "邪灵",
        "show_toast": true,
        "announce_to_chat": true,
        "description": {"text":"击杀出现在下届的虚空邪灵。","color":"green"},
        "frame": "goal"
    },
    "criteria": {
      "example": {
        "trigger": "minecraft:player_killed_entity",
        "conditions": {
          "entity": {
            "type": "minecraft:wither_skeleton",
            "nbt": "{Tags:[\"hyjg_chaotic_world_mob_strengthen.entity.void_evil_spirit\"]}"
          }
        }
      }
    },
    "rewards": {
      "experience": 5
    }
  }
  