{ 
    "parent": "hyjg_custom_combat_system:displayed_achievements/combat/kill_mob/wither_skeleton/base_mob",
    "display": {
        "icon": {
            "item": "minecraft:dried_kelp"
        },
        "title": "不祥之雾",
        "show_toast": true,
        "announce_to_chat": true,
        "description": {"text":"消灭诡雾。","color":"green"},
        "frame": "goal"
    },
    "criteria": {
      "example": {
        "trigger": "minecraft:player_killed_entity",
        "conditions": {
          "entity": {
            "type": "minecraft:wither_skeleton",
            "nbt": "{Tags:[\"hyjg_chaotic_world_mob_strengthen.entity.the_formless_evil_spirit\"]}"
          }
        }
      }
    },
    "rewards": {
      "experience": 5
    }
  }
  