{ 
    "parent": "hyjg_custom_combat_system:displayed_achievements/combat/root",
    "display": {
        "icon": {
            "item": "minecraft:bone"
        },
        "title": "变脆了，但是打人更痛了",
        "show_toast": true,
        "announce_to_chat": true,
        "description": {"text":"击杀任意一只普通的骷髅，你会发现它们防御力是真的低。（主要是为了分层的，避免过多成就在同一行）","color":"green"},
        "frame": "goal"
    },
    "criteria": {
      "example": {
        "trigger": "minecraft:player_killed_entity",
        "conditions": {
          "entity": {
            "type": "minecraft:skeleton"
          }
        }
      }
    },
    "rewards": {
      "experience": 5
    }
  }
  