
{
    "parent": "hyjg_custom_combat_system:displayed_achievements/combat/kill_mob/skeleton/base_mob",
    "display": {
        "icon": {
            "item": "minecraft:iron_sword",
            "nbt": "{Enchantments:[{id:\"minecraft:unbreaking\",lvl:1s}]}"
        },
        "title": "什么东西从我这里过去了？",
        "show_toast": true,
        "announce_to_chat": true,
        "description": {"text":"击杀小怪迅捷骷髅。","color":"green"},
        "frame": "task"
    },
    "criteria": {
      "example": {
        "trigger": "minecraft:player_killed_entity",
        "conditions": {
          "entity": {
            "type": "minecraft:skeleton",
            "nbt": "{Tags:[\"hyjg_chaotic_world_mob_strengthen.mob.quickly_skeleton\"]}"
          }
        }
      }
    },
    "rewards": {
      "experience": 20
    }
  }