
{
    "parent": "hyjg_custom_combat_system:displayed_achievements/combat/kill_mob/skeleton/base_mob",
    "display": {
        "icon": {
            "item": "minecraft:skeleton_skull",
            "nbt": "{Enchantments:[{id:\"minecraft:unbreaking\",lvl:1s}]}"
        },
        "title": "出现在下界的骑士",
        "show_toast": true,
        "announce_to_chat": true,
        "description": {"text":"在下届击杀骷髅骑士。","color":"green"},
        "frame": "task"
    },
    "criteria": {
      "example": {
        "trigger": "minecraft:player_killed_entity",
        "conditions": {
          "entity": {
            "type": "minecraft:skeleton",
            "nbt": "{Tags:[\"hyjg_chaotic_world_mob_strengthen.mob.skeleton_knight\"]}"
          }
        }
      }
    },
    "rewards": {
      "experience": 20
    }
  }
