{
    "type": "minecraft:command",
    "pools": [
        {
          "rolls": 1,
          "entries": [
              {
                "type": "minecraft:item",
                "name": "minecraft:diamond_sword",
                "functions": [
                  {
                    "function": "minecraft:set_name",
                    "name":{"text":"斩空神剑[绝望深渊]","italic":false,"color": "green"}
                  },
                  {
                    "function": "minecraft:set_nbt",
                    "tag": "{hyjg_custom_combat_system:{drop_equip_init:1b}}"
                  },
                  {
                    "function": "minecraft:set_nbt",
                    "tag": "{hyjg_custom_combat_system:{equip_effect:{skill_param_change:{damage_append:[{id:\"708\",type:\"combat.sword\",index:\"8\",value:1}],cd_reduce:[{id:\"708\",type:\"combat.sword\",index:\"8\",value:2,value_for_tick:40}]}}}}"
                  },
                  {
                    "function": "minecraft:set_nbt",
                    "conditions": [
                      {
                        "condition": "random_chance",
                        "chance": 0.5
                      }  
                    ],
                    "tag": "{hyjg_custom_combat_system:{equip_effect:{skill_param_change:{damage_append:[{id:\"708\",type:\"combat.sword\",index:\"8\",value:2}],cd_reduce:[{id:\"708\",type:\"combat.sword\",index:\"8\",value:2,value_for_tick:40}]}}}}"
                  },
                  {
                    "function": "minecraft:set_nbt",
                    "conditions": [
                      {
                        "condition": "random_chance",
                        "chance": 0.2
                      }  
                    ],
                    "tag": "{hyjg_custom_combat_system:{equip_effect:{skill_param_change:{damage_append:[{id:\"708\",type:\"combat.sword\",index:\"8\",value:3}],cd_reduce:[{id:\"708\",type:\"combat.sword\",index:\"8\",value:2,value_for_tick:40}]}}}}"
                  },
                  {
                    "function": "minecraft:set_nbt",
                    "conditions": [
                      {
                        "condition": "random_chance",
                        "chance": 0.1
                      }  
                    ],
                    "tag": "{hyjg_custom_combat_system:{equip_effect:{skill_param_change:{damage_append:[{id:\"708\",type:\"combat.sword\",index:\"8\",value:3}],cd_reduce:[{id:\"708\",type:\"combat.sword\",index:\"8\",value:2.5,value_for_tick:50}]}}}}"
                  },
                  {
                    "function": "minecraft:set_nbt",
                    "tag": "{hyjg_custom_combat_system:{lore:['{\"text\":\"下届之中，曾经最强的猪灵剑士拥有的斩空神剑，斩杀过无数的混沌邪灵。\",\"color\": \"yellow\",\"italic\":false}']}}"
                  }
                ],
                "weight": 20
              },
              {
                "type": "minecraft:item",
                "name": "minecraft:diamond_sword",
                "functions": [
                  {
                    "function": "minecraft:set_name",
                    "name":{"text":"斩空神剑[绝望深渊]","italic":false,"color": "green"}
                  },
                  {
                    "function": "minecraft:set_nbt",
                    "tag": "{hyjg_custom_combat_system:{drop_equip_init:1b}}"
                  },
                  {
                    "function": "minecraft:set_nbt",
                    "tag": "{hyjg_custom_combat_system:{equip_effect:{skill_param_change_offhand:{damage_append:[{id:\"708\",type:\"combat.sword\",index:\"8\",value:1}],cd_reduce:[{id:\"708\",type:\"combat.sword\",index:\"8\",value:2,value_for_tick:40}]}}}}"
                  },
                  {
                    "function": "minecraft:set_nbt",
                    "conditions": [
                      {
                        "condition": "random_chance",
                        "chance": 0.5
                      }  
                    ],
                    "tag": "{hyjg_custom_combat_system:{equip_effect:{skill_param_change_offhand:{damage_append:[{id:\"708\",type:\"combat.sword\",index:\"8\",value:2}],cd_reduce:[{id:\"708\",type:\"combat.sword\",index:\"8\",value:2,value_for_tick:40}]}}}}"
                  },
                  {
                    "function": "minecraft:set_nbt",
                    "conditions": [
                      {
                        "condition": "random_chance",
                        "chance": 0.2
                      }  
                    ],
                    "tag": "{hyjg_custom_combat_system:{equip_effect:{skill_param_change_offhand:{damage_append:[{id:\"708\",type:\"combat.sword\",index:\"8\",value:3}],cd_reduce:[{id:\"708\",type:\"combat.sword\",index:\"8\",value:2,value_for_tick:40}]}}}}"
                  },
                  {
                    "function": "minecraft:set_nbt",
                    "conditions": [
                      {
                        "condition": "random_chance",
                        "chance": 0.1
                      }  
                    ],
                    "tag": "{hyjg_custom_combat_system:{equip_effect:{skill_param_change_offhand:{damage_append:[{id:\"708\",type:\"combat.sword\",index:\"8\",value:3}],cd_reduce:[{id:\"708\",type:\"combat.sword\",index:\"8\",value:2.5,value_for_tick:50}]}}}}"
                  },
                  {
                    "function": "minecraft:set_nbt",
                    "tag": "{hyjg_custom_combat_system:{lore:['{\"text\":\"下届之中，曾经最强的猪灵剑士拥有的斩空神剑，斩杀过无数的混沌邪灵。\",\"color\": \"yellow\",\"italic\":false}']}}"
                  }
                ],
                "weight": 20
              },
              {
                "type": "empty",
                "weight": 60
              }
          ]
      }
    ]
  }
  