{
    "type": "minecraft:command",
    "pools": [
        {
          "rolls": 1,
          "entries": [
              {
                "type": "minecraft:item",
                "name": "minecraft:diamond_sword",
                "functions": [
                  {
                    "function": "minecraft:set_name",
                    "name":{"text":"连击短剑[绝望深渊]","italic":false,"color": "green"}
                  },
                  {
                    "function": "minecraft:set_nbt",
                    "tag": "{hyjg_custom_combat_system:{drop_equip_init:1b}}"
                  },
                  {
                    "function": "minecraft:set_nbt",
                    "tag": "{hyjg_custom_combat_system:{equip_effect:{skill_param_change_offhand:{damage_append:[{id:\"705\",type:\"combat.sword\",index:\"5\",value:2}]}}}}"
                  },
                  {
                    "function": "minecraft:set_nbt",
                    "conditions": [{
                      "condition": "random_chance",
                      "chance": 0.7
                    }],
                    "tag": "{hyjg_custom_combat_system:{equip_effect:{skill_param_change_offhand:{damage_append:[{id:\"705\",type:\"combat.sword\",index:\"5\",value:3}]}}}}"
                  },
                  {
                    "function": "minecraft:set_nbt",
                    "conditions": [{
                      "condition": "random_chance",
                      "chance": 0.4
                    }],
                    "tag": "{hyjg_custom_combat_system:{equip_effect:{skill_param_change_offhand:{damage_append:[{id:\"705\",type:\"combat.sword\",index:\"5\",value:4}]}}}}"
                  },
                  {
                    "function": "minecraft:set_nbt",
                    "conditions": [{
                      "condition": "random_chance",
                      "chance": 0.1
                    }],
                    "tag": "{hyjg_custom_combat_system:{equip_effect:{skill_param_change_offhand:{damage_append:[{id:\"705\",type:\"combat.sword\",index:\"5\",value:5}]}}}}"
                  },
                  {
                    "function": "minecraft:set_nbt",
                    "tag": "{hyjg_custom_combat_system:{lore:['{\"text\":\"适用于副手的副手剑，轻便快速锋利的同时易于掌控，能让使用者更轻易的使出双刀流。\",\"color\": \"yellow\",\"italic\":false}']}}"
                  }
                ],
                "weight": 45
              },
              {
                "type": "empty",
                "weight": 55
              }
          ]
      }
    ]
  }
  