{
    "parent": "hyjg_custom_combat_system:displayed_achievements/menu/root",
    "display": {
        "icon": {
            "item": "minecraft:totem_of_undying",
            "nbt": "{Enchantments:[{id:\"minecraft:sharpness\",lvl:5s}]}"
        },
        "title": "我是无法消灭的天灾",
        "show_toast": true,
        "announce_to_chat": true,
        "description": {"text":"学习死亡回归，瞬间回归死亡地点。","color":"green"},
        "frame": "goal"
    },
    "criteria": {
      "example": {
        "trigger": "minecraft:impossible"
      }
    },
    "rewards": {
      "experience": 10
    }
  }