{
    "parent": "hyjg_custom_combat_system:displayed_achievements/menu/prop/dead_return",
    "display": {
        "icon": {
            "item": "minecraft:totem_of_undying",
            "nbt": "{Enchantments:[{id:\"minecraft:sharpness\",lvl:5s}]}"
        },
        "title": "我已归来，你无法战胜我",
        "show_toast": true,
        "announce_to_chat": true,
        "description": {"text":"使用死亡回归","color":"green"},
        "frame": "goal"
    },
    "criteria": {
      "example": {
        "trigger": "minecraft:impossible"
      }
    },
    "rewards": {
      "experience": 50
    }
  }