{
  "type": "minecraft:command",
  "pools": [
      {
        "rolls": 1,
        "entries": [
            {
              "type": "minecraft:item",
              "name": "minecraft:tnt",
              "quality": 64,
              "functions": [
                {
                  "function": "set_nbt",
                  "tag": "{hyjg_custom_combat_system:{item_type:\"quickly_explosion_tnt\",trigger_for_drop_item:1b}}"
                },
                {
                  "function": "minecraft:set_nbt",
                  "tag": "{hyjg_custom_combat_system:{lore:['{\"text\":\"按单个丢出可以迅速发射出一颗点燃的tnt\",\"color\": \"yellow\"}','{\"text\":\"TNT伤害与自身力量、魔力强度相关\",\"color\": \"yellow\"}','{\"text\":\"当目标正在遭受伤害的时候，TNT造成的额外伤害只有常规的20%，注意一下。\",\"color\": \"yellow\"}','{\"text\":\"提示：玩家投掷该物品造成伤害来源不属于玩家。\",\"color\": \"gold\",\"bold\":true,\"italic\":false}','{\"text\":\"因此使用本物品击杀怪物，怪物可能不会掉落特殊掉落物。\",\"color\": \"gold\",\"bold\":true,\"italic\":false}']}}"
                },
                {
                  "function": "minecraft:set_nbt",
                  "tag": "{hyjg_custom_combat_system:{drop_equip_init:1b}}"
                },
                {
                  "function": "set_name",
                  "name": {"text": "速爆TNT","color": "yellow","italic": false, "bole":true}
                }
              ],
              "weight": 5
            },
            {
              "type": "minecraft:item",
              "name": "minecraft:crossbow",
              "functions": [
                {
                  "function": "minecraft:set_name",
                  "name":{"text":"无限连发之弩[混沌初显]","italic":false,"color": "yellow"}
                },
                {
                  "function": "minecraft:set_name",
                  "conditions": [{
                    "condition": "entity_scores",
                    "entity": "this",
                    "scores": {"hyjg_chaotic_world_mob_strengthen.difficult_type":2}
                  }],
                  "name":{"text":"无限连发之弩[混沌之世]","italic":false,"color": "yellow"}
                },
                {
                  "function": "minecraft:set_name",
                  "conditions": [{
                    "condition": "entity_scores",
                    "entity": "this",
                    "scores": {"hyjg_chaotic_world_mob_strengthen.difficult_type":3}
                  }],
                  "name":{"text":"无限连发之弩[绝望深渊]","italic":false,"color": "yellow"}
                },
                {
                  "function": "minecraft:set_nbt",
                  "tag": "{hyjg_custom_combat_system:{drop_equip_init:1b}}"
                },
                {
                  "function": "minecraft:set_nbt",
                  "tag": "{hyjg_custom_combat_system:{equip_effect:{skill_param_change:{time_increases:[{id:\"1003\",type:\"combat.crossbow\",index:\"3\",value:30,value_for_describe:\"0.3\",value_for_tick:6}]}}}}"
                },
                {
                  "function": "minecraft:set_nbt",
                  "conditions": [{
                    "condition": "entity_scores",
                    "entity": "this",
                    "scores": {"hyjg_chaotic_world_mob_strengthen.difficult_type":2}
                  }],
                  "tag": "{hyjg_custom_combat_system:{equip_effect:{skill_param_change:{time_increases:[{id:\"1003\",type:\"combat.crossbow\",index:\"3\",value:40,value_for_describe:\"0.4\",value_for_tick:8}]}}}}"
                },
                {
                  "function": "minecraft:set_nbt",
                  "conditions": [{
                    "condition": "entity_scores",
                    "entity": "this",
                    "scores": {"hyjg_chaotic_world_mob_strengthen.difficult_type":3}
                  }],
                  "tag": "{hyjg_custom_combat_system:{equip_effect:{skill_param_change:{time_increases:[{id:\"1003\",type:\"combat.crossbow\",index:\"3\",value:50,value_for_describe:\"0.5\",value_for_tick:10}]}}}}"
                },
                {
                  "function": "minecraft:set_nbt",
                  "conditions": [{
                    "condition": "entity_scores",
                    "entity": "this",
                    "scores": {"hyjg_chaotic_world_mob_strengthen.difficult_type":3,"hyjg_chaotic_world_mob_strengthen.mob_level":{"min": 50}}
                  },{
                    "condition": "random_chance",
                    "chance": 0.4
                  }],
                  "tag": "{hyjg_custom_combat_system:{equip_effect:{arrow_damage_append:15,skill_param_change:{time_increases:[{id:\"1003\",type:\"combat.crossbow\",index:\"3\",value:60,value_for_describe:\"0.6\",value_for_tick:12}]}}}}"
                },
                {
                  "function": "minecraft:set_nbt",
                  "conditions": [{
                    "condition": "entity_scores",
                    "entity": "this",
                    "scores": {"hyjg_chaotic_world_mob_strengthen.difficult_type":3,"hyjg_chaotic_world_mob_strengthen.mob_level":{"min": 50}}
                  },{
                    "condition": "random_chance",
                    "chance": 0.2
                  }],
                  "tag": "{hyjg_custom_combat_system:{equip_effect:{arrow_damage_append:25,skill_param_change:{time_increases:[{id:\"1003\",type:\"combat.crossbow\",index:\"3\",value:70,value_for_describe:\"0.7\",value_for_tick:14}]}}}}"
                },
                {
                  "function": "minecraft:set_nbt",
                  "tag": "{hyjg_custom_combat_system:{lore:['{\"text\":\"最强的连弩，以奇异的力量的作为驱动，它拥有接近为0的射击间隔。\",\"color\": \"yellow\"}']}}"
                },
                {
                  "function": "minecraft:set_enchantments",
                  "enchantments": {"minecraft:unbreaking":3,"minecraft:quick_charge":3}
                },
                {
                  "function": "minecraft:set_enchantments",
                  "conditions": [{
                    "condition": "entity_scores",
                    "entity": "this",
                    "scores": {"hyjg_chaotic_world_mob_strengthen.difficult_type":2}
                  }],
                  "enchantments": {"minecraft:unbreaking":4,"minecraft:quick_charge":4}
                },
                {
                  "function": "minecraft:set_enchantments",
                  "conditions": [{
                    "condition": "entity_scores",
                    "entity": "this",
                    "scores": {"hyjg_chaotic_world_mob_strengthen.difficult_type":3}
                  }],
                  "enchantments": {"minecraft:multishot":1,"minecraft:unbreaking":5,"minecraft:quick_charge":5}
                }
              ],
              "weight": 5
            }
        ]
    }
  ]
}
